,account_id,ticket_count,ticket_bucket,usage_avg_min,usage_bucket,error_sum,error_bucket,satisfaction_avg,satisfaction_bucket,last3_ticket_count,last3_usage_avg_min,last3_error_sum,last3_satisfaction_avg,last3_ticket_bucket,last3_usage_bucket,last3_error_bucket,last3_satisfaction_bucket,churn_flag
0,A-0158bb,1,Stable,59.266666666666666,stable usage,0,No Errors,3.0,Neutral,0.0,0.0,0.0,0.0,No Recent Activity,No Recent Activity,No Recent Activity,No Recent Activity,0
1,A-e7a1e2,1,Stable,20.466666666666665,disengaged,0,No Errors,4.0,Satisfied,0.0,0.0,0.0,0.0,No Recent Activity,No Recent Activity,No Recent Activity,No Recent Activity,0
2,A-eb1312,1,Stable,20.666666666666668,disengaged,0,No Errors,5.0,Very Satisfied,0.0,0.0,0.0,0.0,No Recent Activity,No Recent Activity,No Recent Activity,No Recent Activity,0
3,A-eafc6e,1,Stable,58.65,stable usage,0,No Errors,0.0,Extremely Unhappy,0.0,0.0,0.0,0.0,No Recent Activity,No Recent Activity,No Recent Activity,No Recent Activity,0
4,A-e693b6,1,Stable,80.55,dependency stress,0,No Errors,3.0,Neutral,0.0,0.0,0.0,0.0,No Recent Activity,No Recent Activity,No Recent Activity,No Recent Activity,0
5,A-d62e02,1,Stable,66.73333333333333,engaged,0,No Errors,4.0,Satisfied,0.0,0.0,0.0,0.0,No Recent Activity,No Recent Activity,No Recent Activity,No Recent Activity,0
6,A-e1b9cd,1,Stable,15.866666666666667,disengaged,0,No Errors,3.0,Neutral,0.0,0.0,0.0,0.0,No Recent Activity,No Recent Activity,No Recent Activity,No Recent Activity,0
7,A-118f1c,1,Stable,19.2,disengaged,0,No Errors,3.0,Neutral,0.0,0.0,0.0,0.0,No Recent Activity,No Recent Activity,No Recent Activity,No Recent Activity,0
8,A-d5a319,1,Stable,32.1,inconsistent,0,No Errors,4.0,Satisfied,1.0,32.1,0.0,4.0,Stable,inconsistent,No Errors,Satisfied,0
9,A-271f46,1,Stable,50.0,stable usage,0,No Errors,0.0,Extremely Unhappy,0.0,0.0,0.0,0.0,No Recent Activity,No Recent Activity,No Recent Activity,No Recent Activity,0
10,A-96215d,1,Stable,100.1,dependency stress,0,No Errors,3.0,Neutral,0.0,0.0,0.0,0.0,No Recent Activity,No Recent Activity,No Recent Activity,No Recent Activity,0
11,A-970c97,1,Stable,5.95,disengaged,0,No Errors,5.0,Very Satisfied,0.0,0.0,0.0,0.0,No Recent Activity,No Recent Activity,No Recent Activity,No Recent Activity,0
12,A-b30291,1,Stable,47.6,stable usage,0,No Errors,0.0,Extremely Unhappy,0.0,0.0,0.0,0.0,No Recent Activity,No Recent Activity,No Recent Activity,No Recent Activity,0
13,A-bad8c1,1,Stable,6.3,disengaged,0,No Errors,4.0,Satisfied,0.0,0.0,0.0,0.0,No Recent Activity,No Recent Activity,No Recent Activity,No Recent Activity,0
14,A-cab532,1,Stable,60.9,engaged,0,No Errors,4.0,Satisfied,0.0,0.0,0.0,0.0,No Recent Activity,No Recent Activity,No Recent Activity,No Recent Activity,0
15,A-ccb686,1,Stable,58.3,stable usage,0,No Errors,4.0,Satisfied,0.0,0.0,0.0,0.0,No Recent Activity,No Recent Activity,No Recent Activity,No Recent Activity,0
16,A-a8b49c,1,Stable,71.2,engaged,0,No Errors,4.0,Satisfied,0.0,0.0,0.0,0.0,No Recent Activity,No Recent Activity,No Recent Activity,No Recent Activity,0
17,A-5f2961,1,Stable,75.18333333333334,engaged,2,Low Errors,0.0,Extremely Unhappy,0.0,0.0,0.0,0.0,No Recent Activity,No Recent Activity,No Recent Activity,No Recent Activity,0
18,A-5b051a,1,Stable,81.46666666666667,dependency stress,0,No Errors,3.0,Neutral,0.0,0.0,0.0,0.0,No Recent Activity,No Recent Activity,No Recent Activity,No Recent Activity,0
19,A-fa2041,1,Stable,29.833333333333332,inconsistent,0,No Errors,3.0,Neutral,0.0,0.0,0.0,0.0,No Recent Activity,No Recent Activity,No Recent Activity,No Recent Activity,0
20,A-432483,1,Stable,43.46666666666667,stable usage,4,Low Errors,0.0,Extremely Unhappy,1.0,43.46666666666667,4.0,0.0,Stable,stable usage,Low Errors,Extremely Unhappy,0
21,A-054577,1,Stable,11.25,disengaged,0,No Errors,4.0,Satisfied,0.0,0.0,0.0,0.0,No Recent Activity,No Recent Activity,No Recent Activity,No Recent Activity,0
22,A-52dd88,1,Stable,111.4,dependency stress,0,No Errors,0.0,Extremely Unhappy,0.0,0.0,0.0,0.0,No Recent Activity,No Recent Activity,No Recent Activity,No Recent Activity,0
23,A-5fe118,1,Stable,41.55,stable usage,0,No Errors,4.0,Satisfied,0.0,0.0,0.0,0.0,No Recent Activity,No Recent Activity,No Recent Activity,No Recent Activity,0
24,A-5c046d,1,Stable,23.2,disengaged,0,No Errors,3.0,Neutral,0.0,0.0,0.0,0.0,No Recent Activity,No Recent Activity,No Recent Activity,No Recent Activity,0
25,A-7f29a7,1,Stable,69.76666666666667,engaged,0,No Errors,4.0,Satisfied,0.0,0.0,0.0,0.0,No Recent Activity,No Recent Activity,No Recent Activity,No Recent Activity,0
26,A-8ae05d,1,Stable,85.05,dependency stress,0,No Errors,4.0,Satisfied,0.0,0.0,0.0,0.0,No Recent Activity,No Recent Activity,No Recent Activity,No Recent Activity,0
27,A-71615e,1,Stable,85.35,dependency stress,1,Low Errors,0.0,Extremely Unhappy,0.0,0.0,0.0,0.0,No Recent Activity,No Recent Activity,No Recent Activity,No Recent Activity,0
28,A-7f8241,1,Stable,1.0,disengaged,1,Low Errors,3.0,Neutral,0.0,0.0,0.0,0.0,No Recent Activity,No Recent Activity,No Recent Activity,No Recent Activity,0
29,A-88c6ca,1,Stable,73.88333333333334,engaged,0,No Errors,0.0,Extremely Unhappy,0.0,0.0,0.0,0.0,No Recent Activity,No Recent Activity,No Recent Activity,No Recent Activity,0
30,A-f19b24,2,Stable,44.1,stable usage,0,No Errors,2.0,Unhappy,0.0,0.0,0.0,0.0,No Recent Activity,No Recent Activity,No Recent Activity,No Recent Activity,0
31,A-e60f9d,2,Stable,30.933333333333334,inconsistent,0,No Errors,0.0,Extremely Unhappy,0.0,0.0,0.0,0.0,No Recent Activity,No Recent Activity,No Recent Activity,No Recent Activity,0
32,A-cc8c8f,2,Stable,19.6,disengaged,0,No Errors,3.5,Satisfied,0.0,0.0,0.0,0.0,No Recent Activity,No Recent Activity,No Recent Activity,No Recent Activity,0
33,A-db5e9e,2,Stable,39.0,inconsistent,0,No Errors,5.0,Very Satisfied,0.0,0.0,0.0,0.0,No Recent Activity,No Recent Activity,No Recent Activity,No Recent Activity,0
34,A-d77f4c,2,Stable,55.733333333333334,stable usage,0,No Errors,4.0,Satisfied,0.0,0.0,0.0,0.0,No Recent Activity,No Recent Activity,No Recent Activity,No Recent Activity,0
35,A-d40bf7,2,Stable,28.0,inconsistent,0,No Errors,5.0,Very Satisfied,1.0,28.0,0.0,5.0,Stable,inconsistent,No Errors,Very Satisfied,0
36,A-151c9a,2,Stable,2.5,disengaged,2,Low Errors,3.5,Satisfied,0.0,0.0,0.0,0.0,No Recent Activity,No Recent Activity,No Recent Activity,No Recent Activity,0
37,A-d26ab4,2,Stable,52.8,stable usage,2,Low Errors,2.0,Unhappy,0.0,0.0,0.0,0.0,No Recent Activity,No Recent Activity,No Recent Activity,No Recent Activity,0
38,A-e1462e,2,Stable,22.666666666666668,disengaged,4,Low Errors,3.5,Satisfied,0.0,0.0,0.0,0.0,No Recent Activity,No Recent Activity,No Recent Activity,No Recent Activity,0
39,A-e36807,2,Stable,14.733333333333333,disengaged,0,No Errors,4.5,Very Satisfied,1.0,14.733333333333333,0.0,5.0,Stable,disengaged,No Errors,Very Satisfied,0
40,A-1e50e0,2,Stable,65.2,engaged,0,No Errors,2.5,Neutral,2.0,65.2,0.0,2.5,Stable,engaged,No Errors,Neutral,0
41,A-1d5444,2,Stable,27.6,inconsistent,0,No Errors,2.0,Unhappy,0.0,0.0,0.0,0.0,No Recent Activity,No Recent Activity,No Recent Activity,No Recent Activity,0
42,A-1f0ac7,2,Stable,22.916666666666668,disengaged,0,No Errors,0.0,Extremely Unhappy,0.0,0.0,0.0,0.0,No Recent Activity,No Recent Activity,No Recent Activity,No Recent Activity,0
43,A-1f0636,2,Stable,22.8,disengaged,0,No Errors,3.5,Satisfied,0.0,0.0,0.0,0.0,No Recent Activity,No Recent Activity,No Recent Activity,No Recent Activity,0
44,A-bcf87c,2,Stable,44.55,stable usage,0,No Errors,4.0,Satisfied,0.0,0.0,0.0,0.0,No Recent Activity,No Recent Activity,No Recent Activity,No Recent Activity,0
45,A-bf7919,2,Stable,70.8,engaged,2,Low Errors,2.5,Neutral,1.0,70.8,1.0,0.0,Stable,engaged,Low Errors,Extremely Unhappy,0
46,A-c608c8,2,Stable,73.86666666666666,engaged,0,No Errors,1.5,Unhappy,0.0,0.0,0.0,0.0,No Recent Activity,No Recent Activity,No Recent Activity,No Recent Activity,0
47,A-c7ffc2,2,Stable,51.5,stable usage,6,Medium Errors,1.5,Unhappy,0.0,0.0,0.0,0.0,No Recent Activity,No Recent Activity,No Recent Activity,No Recent Activity,0
48,A-b2af2e,2,Stable,93.83333333333333,dependency stress,0,No Errors,4.0,Satisfied,0.0,0.0,0.0,0.0,No Recent Activity,No Recent Activity,No Recent Activity,No Recent Activity,0
49,A-b2225d,2,Stable,9.066666666666666,disengaged,8,Medium Errors,1.5,Unhappy,0.0,0.0,0.0,0.0,No Recent Activity,No Recent Activity,No Recent Activity,No Recent Activity,0
50,A-b20d99,2,Stable,51.15,stable usage,0,No Errors,3.5,Satisfied,0.0,0.0,0.0,0.0,No Recent Activity,No Recent Activity,No Recent Activity,No Recent Activity,0
51,A-f44180,2,Stable,56.6,stable usage,0,No Errors,5.0,Very Satisfied,0.0,0.0,0.0,0.0,No Recent Activity,No Recent Activity,No Recent Activity,No Recent Activity,0
52,A-df1e44,2,Stable,10.633333333333333,disengaged,0,No Errors,2.5,Neutral,1.0,10.633333333333333,0.0,0.0,Stable,disengaged,No Errors,Extremely Unhappy,0
53,A-df10db,2,Stable,98.16666666666667,dependency stress,0,No Errors,3.0,Neutral,1.0,98.16666666666667,0.0,3.0,Stable,dependency stress,No Errors,Neutral,0
54,A-dcc2f0,2,Stable,37.666666666666664,inconsistent,0,No Errors,0.0,Extremely Unhappy,0.0,0.0,0.0,0.0,No Recent Activity,No Recent Activity,No Recent Activity,No Recent Activity,0
55,A-dec005,2,Stable,56.93333333333333,stable usage,2,Low Errors,1.5,Unhappy,0.0,0.0,0.0,0.0,No Recent Activity,No Recent Activity,No Recent Activity,No Recent Activity,0
56,A-e89151,2,Stable,157.81666666666666,dependency stress,4,Low Errors,2.5,Neutral,1.0,157.81666666666666,2.0,0.0,Stable,dependency stress,Low Errors,Extremely Unhappy,0
57,A-098560,2,Stable,73.25,engaged,2,Low Errors,3.0,Neutral,0.0,0.0,0.0,0.0,No Recent Activity,No Recent Activity,No Recent Activity,No Recent Activity,0
58,A-029f69,2,Stable,110.8,dependency stress,0,No Errors,1.5,Unhappy,0.0,0.0,0.0,0.0,No Recent Activity,No Recent Activity,No Recent Activity,No Recent Activity,0
59,A-019782,2,Stable,76.33333333333333,engaged,2,Low Errors,1.5,Unhappy,1.0,76.33333333333333,1.0,0.0,Stable,engaged,Low Errors,Extremely Unhappy,0
60,A-0a62f5,2,Stable,69.45,engaged,0,No Errors,0.0,Extremely Unhappy,1.0,69.45,0.0,0.0,Stable,engaged,No Errors,Extremely Unhappy,0
61,A-ff79f2,2,Stable,21.816666666666666,disengaged,0,No Errors,0.0,Extremely Unhappy,1.0,21.816666666666666,0.0,0.0,Stable,disengaged,No Errors,Extremely Unhappy,0
62,A-00cac8,2,Stable,18.0,disengaged,0,No Errors,0.0,Extremely Unhappy,0.0,0.0,0.0,0.0,No Recent Activity,No Recent Activity,No Recent Activity,No Recent Activity,0
63,A-ff3c73,2,Stable,124.36666666666666,dependency stress,0,No Errors,3.5,Satisfied,0.0,0.0,0.0,0.0,No Recent Activity,No Recent Activity,No Recent Activity,No Recent Activity,0
64,A-9a532a,2,Stable,65.25,engaged,2,Low Errors,0.0,Extremely Unhappy,0.0,0.0,0.0,0.0,No Recent Activity,No Recent Activity,No Recent Activity,No Recent Activity,0
65,A-2ebb4b,2,Stable,73.2,engaged,0,No Errors,3.0,Neutral,0.0,0.0,0.0,0.0,No Recent Activity,No Recent Activity,No Recent Activity,No Recent Activity,0
66,A-2bc93d,2,Stable,81.3,dependency stress,0,No Errors,4.5,Very Satisfied,1.0,81.3,0.0,5.0,Stable,dependency stress,No Errors,Very Satisfied,0
67,A-2e4581,2,Stable,8.0,disengaged,0,No Errors,1.5,Unhappy,0.0,0.0,0.0,0.0,No Recent Activity,No Recent Activity,No Recent Activity,No Recent Activity,0
68,A-297a2d,2,Stable,79.33333333333333,engaged,6,Medium Errors,1.5,Unhappy,0.0,0.0,0.0,0.0,No Recent Activity,No Recent Activity,No Recent Activity,No Recent Activity,0
69,A-2922b6,2,Stable,102.0,dependency stress,0,No Errors,2.0,Unhappy,2.0,102.0,0.0,2.0,Stable,dependency stress,No Errors,Unhappy,0
70,A-ac14bb,2,Stable,113.53333333333333,dependency stress,4,Low Errors,2.0,Unhappy,0.0,0.0,0.0,0.0,No Recent Activity,No Recent Activity,No Recent Activity,No Recent Activity,0
71,A-249769,2,Stable,27.183333333333334,inconsistent,0,No Errors,4.0,Satisfied,1.0,27.183333333333334,0.0,5.0,Stable,inconsistent,No Errors,Very Satisfied,0
72,A-a865bd,2,Stable,21.75,disengaged,0,No Errors,1.5,Unhappy,1.0,21.75,0.0,3.0,Stable,disengaged,No Errors,Neutral,0
73,A-a8d89d,2,Stable,34.5,inconsistent,0,No Errors,2.5,Neutral,0.0,0.0,0.0,0.0,No Recent Activity,No Recent Activity,No Recent Activity,No Recent Activity,0
74,A-ab438f,2,Stable,26.0,inconsistent,0,No Errors,3.5,Satisfied,0.0,0.0,0.0,0.0,No Recent Activity,No Recent Activity,No Recent Activity,No Recent Activity,0
75,A-aa9511,2,Stable,53.6,stable usage,0,No Errors,2.0,Unhappy,0.0,0.0,0.0,0.0,No Recent Activity,No Recent Activity,No Recent Activity,No Recent Activity,0
76,A-b7ef83,2,Stable,36.28333333333333,inconsistent,0,No Errors,2.0,Unhappy,1.0,36.28333333333333,0.0,0.0,Stable,inconsistent,No Errors,Extremely Unhappy,0
77,A-32728c,2,Stable,108.35,dependency stress,0,No Errors,3.5,Satisfied,0.0,0.0,0.0,0.0,No Recent Activity,No Recent Activity,No Recent Activity,No Recent Activity,0
78,A-8b25f2,2,Stable,89.6,dependency stress,0,No Errors,4.0,Satisfied,0.0,0.0,0.0,0.0,No Recent Activity,No Recent Activity,No Recent Activity,No Recent Activity,0
79,A-2f6a32,2,Stable,81.03333333333333,dependency stress,4,Low Errors,3.5,Satisfied,0.0,0.0,0.0,0.0,No Recent Activity,No Recent Activity,No Recent Activity,No Recent Activity,0
80,A-72799b,2,Stable,50.416666666666664,stable usage,0,No Errors,4.5,Very Satisfied,1.0,50.416666666666664,0.0,5.0,Stable,stable usage,No Errors,Very Satisfied,0
81,A-6e7827,2,Stable,57.63333333333333,stable usage,0,No Errors,3.5,Satisfied,2.0,57.63333333333333,0.0,3.5,Stable,stable usage,No Errors,Satisfied,0
82,A-7a0d69,2,Stable,135.8,dependency stress,0,No Errors,2.5,Neutral,0.0,0.0,0.0,0.0,No Recent Activity,No Recent Activity,No Recent Activity,No Recent Activity,0
83,A-331424,2,Stable,105.8,dependency stress,0,No Errors,0.0,Extremely Unhappy,0.0,0.0,0.0,0.0,No Recent Activity,No Recent Activity,No Recent Activity,No Recent Activity,0
84,A-354f12,2,Stable,80.81666666666666,dependency stress,0,No Errors,0.0,Extremely Unhappy,0.0,0.0,0.0,0.0,No Recent Activity,No Recent Activity,No Recent Activity,No Recent Activity,0
85,A-6a4e2d,2,Stable,57.6,stable usage,4,Low Errors,4.5,Very Satisfied,1.0,57.6,2.0,5.0,Stable,stable usage,Low Errors,Very Satisfied,0
86,A-6e08f3,2,Stable,13.2,disengaged,0,No Errors,3.5,Satisfied,0.0,0.0,0.0,0.0,No Recent Activity,No Recent Activity,No Recent Activity,No Recent Activity,0
87,A-6843f2,2,Stable,62.06666666666667,engaged,4,Low Errors,3.0,Neutral,0.0,0.0,0.0,0.0,No Recent Activity,No Recent Activity,No Recent Activity,No Recent Activity,0
88,A-5f7781,2,Stable,49.2,stable usage,0,No Errors,2.0,Unhappy,0.0,0.0,0.0,0.0,No Recent Activity,No Recent Activity,No Recent Activity,No Recent Activity,0
89,A-692f18,2,Stable,34.95,inconsistent,0,No Errors,2.5,Neutral,1.0,34.95,0.0,0.0,Stable,inconsistent,No Errors,Extremely Unhappy,0
90,A-544d0a,2,Stable,46.333333333333336,stable usage,0,No Errors,4.0,Satisfied,0.0,0.0,0.0,0.0,No Recent Activity,No Recent Activity,No Recent Activity,No Recent Activity,0
91,A-65aeb5,2,Stable,3.8,disengaged,0,No Errors,2.5,Neutral,0.0,0.0,0.0,0.0,No Recent Activity,No Recent Activity,No Recent Activity,No Recent Activity,0
92,A-58b9ff,2,Stable,9.3,disengaged,0,No Errors,2.0,Unhappy,0.0,0.0,0.0,0.0,No Recent Activity,No Recent Activity,No Recent Activity,No Recent Activity,0
93,A-956988,2,Stable,45.5,stable usage,0,No Errors,1.5,Unhappy,1.0,45.5,0.0,3.0,Stable,stable usage,No Errors,Neutral,0
94,A-9174e0,2,Stable,33.333333333333336,inconsistent,0,No Errors,2.5,Neutral,1.0,33.333333333333336,0.0,5.0,Stable,inconsistent,No Errors,Very Satisfied,0
95,A-902ef7,2,Stable,50.666666666666664,stable usage,0,No Errors,2.0,Unhappy,0.0,0.0,0.0,0.0,No Recent Activity,No Recent Activity,No Recent Activity,No Recent Activity,0
96,A-4e631b,2,Stable,29.4,inconsistent,0,No Errors,2.0,Unhappy,1.0,29.4,0.0,4.0,Stable,inconsistent,No Errors,Satisfied,0
97,A-4e0e85,2,Stable,30.133333333333333,inconsistent,0,No Errors,2.5,Neutral,1.0,30.133333333333333,0.0,5.0,Stable,inconsistent,No Errors,Very Satisfied,0
98,A-4d1e75,2,Stable,70.35,engaged,0,No Errors,4.0,Satisfied,0.0,0.0,0.0,0.0,No Recent Activity,No Recent Activity,No Recent Activity,No Recent Activity,0
99,A-427b69,2,Stable,50.8,stable usage,0,No Errors,1.5,Unhappy,0.0,0.0,0.0,0.0,No Recent Activity,No Recent Activity,No Recent Activity,No Recent Activity,0
100,A-075038,2,Stable,13.433333333333334,disengaged,0,No Errors,3.0,Neutral,1.0,13.433333333333334,0.0,3.0,Stable,disengaged,No Errors,Neutral,0
101,A-09540c,2,Stable,55.766666666666666,stable usage,2,Low Errors,4.5,Very Satisfied,0.0,0.0,0.0,0.0,No Recent Activity,No Recent Activity,No Recent Activity,No Recent Activity,0
102,A-f92792,2,Stable,72.8,engaged,0,No Errors,2.0,Unhappy,1.0,72.8,0.0,0.0,Stable,engaged,No Errors,Extremely Unhappy,0
103,A-fce879,2,Stable,57.416666666666664,stable usage,4,Low Errors,4.0,Satisfied,0.0,0.0,0.0,0.0,No Recent Activity,No Recent Activity,No Recent Activity,No Recent Activity,0
104,A-016043,3,Elevated,13.866666666666667,disengaged,3,Low Errors,1.3333333333333333,Unhappy,0.0,0.0,0.0,0.0,No Recent Activity,No Recent Activity,No Recent Activity,No Recent Activity,0
105,A-43a9e3,3,Elevated,86.45,dependency stress,0,No Errors,4.0,Satisfied,0.0,0.0,0.0,0.0,No Recent Activity,No Recent Activity,No Recent Activity,No Recent Activity,0
106,A-439b2f,3,Elevated,10.6,disengaged,0,No Errors,0.0,Extremely Unhappy,0.0,0.0,0.0,0.0,No Recent Activity,No Recent Activity,No Recent Activity,No Recent Activity,0
107,A-42e5e1,3,Elevated,56.0,stable usage,9,Medium Errors,4.0,Satisfied,0.0,0.0,0.0,0.0,No Recent Activity,No Recent Activity,No Recent Activity,No Recent Activity,0
108,A-42b791,3,Elevated,52.53333333333333,stable usage,0,No Errors,2.6666666666666665,Neutral,0.0,0.0,0.0,0.0,No Recent Activity,No Recent Activity,No Recent Activity,No Recent Activity,0
109,A-e4144b,3,Elevated,0.9,disengaged,3,Low Errors,2.6666666666666665,Neutral,0.0,0.0,0.0,0.0,No Recent Activity,No Recent Activity,No Recent Activity,No Recent Activity,0
110,A-f3ff05,3,Elevated,4.433333333333334,disengaged,0,No Errors,2.3333333333333335,Neutral,0.0,0.0,0.0,0.0,No Recent Activity,No Recent Activity,No Recent Activity,No Recent Activity,0
111,A-f19409,3,Elevated,48.75,stable usage,0,No Errors,1.3333333333333333,Unhappy,1.0,48.75,0.0,4.0,Stable,stable usage,No Errors,Satisfied,0
112,A-f17767,3,Elevated,97.90000000000002,dependency stress,0,No Errors,2.6666666666666665,Neutral,0.0,0.0,0.0,0.0,No Recent Activity,No Recent Activity,No Recent Activity,No Recent Activity,0
113,A-10b8f2,3,Elevated,26.533333333333335,inconsistent,3,Low Errors,4.333333333333333,Very Satisfied,0.0,0.0,0.0,0.0,No Recent Activity,No Recent Activity,No Recent Activity,No Recent Activity,0
114,A-e19ff6,3,Elevated,28.0,inconsistent,3,Low Errors,4.666666666666667,Very Satisfied,0.0,0.0,0.0,0.0,No Recent Activity,No Recent Activity,No Recent Activity,No Recent Activity,0
115,A-e5d6ab,3,Elevated,31.466666666666665,inconsistent,0,No Errors,0.0,Extremely Unhappy,1.0,31.466666666666665,0.0,0.0,Stable,inconsistent,No Errors,Extremely Unhappy,0
116,A-e51ec7,3,Elevated,14.333333333333334,disengaged,3,Low Errors,1.6666666666666667,Unhappy,1.0,14.333333333333334,1.0,5.0,Stable,disengaged,Low Errors,Very Satisfied,0
117,A-19b2c8,3,Elevated,144.9,dependency stress,0,No Errors,4.666666666666667,Very Satisfied,1.0,144.9,0.0,5.0,Stable,dependency stress,No Errors,Very Satisfied,0
118,A-180abf,3,Elevated,31.2,inconsistent,3,Low Errors,1.0,Extremely Unhappy,0.0,0.0,0.0,0.0,No Recent Activity,No Recent Activity,No Recent Activity,No Recent Activity,0
119,A-1619f8,3,Elevated,69.3,engaged,9,Medium Errors,1.6666666666666667,Unhappy,1.0,69.3,3.0,0.0,Stable,engaged,Low Errors,Extremely Unhappy,0
120,A-157070,3,Elevated,22.516666666666666,disengaged,3,Low Errors,1.0,Extremely Unhappy,0.0,0.0,0.0,0.0,No Recent Activity,No Recent Activity,No Recent Activity,No Recent Activity,0
121,A-13466a,3,Elevated,13.25,disengaged,0,No Errors,4.333333333333333,Very Satisfied,1.0,13.25,0.0,3.0,Stable,disengaged,No Errors,Neutral,0
122,A-40de06,3,Elevated,56.98333333333333,stable usage,0,No Errors,1.3333333333333333,Unhappy,0.0,0.0,0.0,0.0,No Recent Activity,No Recent Activity,No Recent Activity,No Recent Activity,0
123,A-3d957b,3,Elevated,50.333333333333336,stable usage,0,No Errors,1.0,Extremely Unhappy,0.0,0.0,0.0,0.0,No Recent Activity,No Recent Activity,No Recent Activity,No Recent Activity,0
124,A-4c6f11,3,Elevated,141.33333333333334,dependency stress,3,Low Errors,4.333333333333333,Very Satisfied,0.0,0.0,0.0,0.0,No Recent Activity,No Recent Activity,No Recent Activity,No Recent Activity,0
125,A-4c38bc,3,Elevated,55.86666666666667,stable usage,0,No Errors,2.3333333333333335,Neutral,0.0,0.0,0.0,0.0,No Recent Activity,No Recent Activity,No Recent Activity,No Recent Activity,0
126,A-4ae22a,3,Elevated,74.4,engaged,0,No Errors,1.0,Extremely Unhappy,0.0,0.0,0.0,0.0,No Recent Activity,No Recent Activity,No Recent Activity,No Recent Activity,0
127,A-49b828,3,Elevated,27.533333333333335,inconsistent,3,Low Errors,2.3333333333333335,Neutral,1.0,27.533333333333335,1.0,3.0,Stable,inconsistent,Low Errors,Neutral,0
128,A-cb6cc6,3,Elevated,1.75,disengaged,0,No Errors,2.3333333333333335,Neutral,1.0,1.75,0.0,3.0,Stable,disengaged,No Errors,Neutral,0
129,A-d3c88e,3,Elevated,41.06666666666667,stable usage,0,No Errors,1.3333333333333333,Unhappy,0.0,0.0,0.0,0.0,No Recent Activity,No Recent Activity,No Recent Activity,No Recent Activity,0
130,A-c45b23,3,Elevated,60.45000000000001,engaged,0,No Errors,1.0,Extremely Unhappy,1.0,60.45,0.0,0.0,Stable,engaged,No Errors,Extremely Unhappy,0
131,A-c43359,3,Elevated,10.083333333333334,disengaged,0,No Errors,1.3333333333333333,Unhappy,0.0,0.0,0.0,0.0,No Recent Activity,No Recent Activity,No Recent Activity,No Recent Activity,0
132,A-cc98bc,3,Elevated,73.4,engaged,0,No Errors,1.3333333333333333,Unhappy,0.0,0.0,0.0,0.0,No Recent Activity,No Recent Activity,No Recent Activity,No Recent Activity,0
133,A-bd4513,3,Elevated,90.66666666666667,dependency stress,3,Low Errors,4.666666666666667,Very Satisfied,0.0,0.0,0.0,0.0,No Recent Activity,No Recent Activity,No Recent Activity,No Recent Activity,0
134,A-bbc346,3,Elevated,14.4,disengaged,0,No Errors,3.0,Neutral,1.0,14.4,0.0,5.0,Stable,disengaged,No Errors,Very Satisfied,0
135,A-c58f49,3,Elevated,40.53333333333333,stable usage,3,Low Errors,1.6666666666666667,Unhappy,1.0,40.53333333333333,1.0,0.0,Stable,stable usage,Low Errors,Extremely Unhappy,0
136,A-1b707d,3,Elevated,67.43333333333334,engaged,0,No Errors,0.0,Extremely Unhappy,1.0,67.43333333333334,0.0,0.0,Stable,engaged,No Errors,Extremely Unhappy,0
137,A-c1dfe1,3,Elevated,7.349999999999999,disengaged,0,No Errors,1.3333333333333333,Unhappy,0.0,0.0,0.0,0.0,No Recent Activity,No Recent Activity,No Recent Activity,No Recent Activity,0
138,A-c16cf7,3,Elevated,109.40000000000002,dependency stress,0,No Errors,2.3333333333333335,Neutral,1.0,109.4,0.0,4.0,Stable,dependency stress,No Errors,Satisfied,0
139,A-c16b88,3,Elevated,42.2,stable usage,0,No Errors,1.0,Extremely Unhappy,0.0,0.0,0.0,0.0,No Recent Activity,No Recent Activity,No Recent Activity,No Recent Activity,0
140,A-474ad4,3,Elevated,81.9,dependency stress,0,No Errors,1.6666666666666667,Unhappy,0.0,0.0,0.0,0.0,No Recent Activity,No Recent Activity,No Recent Activity,No Recent Activity,0
141,A-524364,3,Elevated,81.75,dependency stress,6,Medium Errors,4.333333333333333,Very Satisfied,1.0,81.75,2.0,4.0,Stable,dependency stress,Low Errors,Satisfied,0
142,A-51ec1b,3,Elevated,68.0,engaged,0,No Errors,3.3333333333333335,Satisfied,1.0,68.0,0.0,0.0,Stable,engaged,No Errors,Extremely Unhappy,0
143,A-508199,3,Elevated,68.01666666666667,engaged,0,No Errors,1.0,Extremely Unhappy,0.0,0.0,0.0,0.0,No Recent Activity,No Recent Activity,No Recent Activity,No Recent Activity,0
144,A-ad3abd,3,Elevated,10.533333333333333,disengaged,0,No Errors,2.0,Unhappy,1.0,10.533333333333333,0.0,0.0,Stable,disengaged,No Errors,Extremely Unhappy,0
145,A-ad296b,3,Elevated,30.399999999999995,inconsistent,0,No Errors,3.6666666666666665,Satisfied,1.0,30.4,0.0,3.0,Stable,inconsistent,No Errors,Neutral,0
146,A-acb7f7,3,Elevated,65.85,engaged,0,No Errors,2.3333333333333335,Neutral,0.0,0.0,0.0,0.0,No Recent Activity,No Recent Activity,No Recent Activity,No Recent Activity,0
147,A-ac9111,3,Elevated,38.166666666666664,inconsistent,0,No Errors,1.6666666666666667,Unhappy,0.0,0.0,0.0,0.0,No Recent Activity,No Recent Activity,No Recent Activity,No Recent Activity,0
148,A-bb2f49,3,Elevated,81.95,dependency stress,6,Medium Errors,2.6666666666666665,Neutral,0.0,0.0,0.0,0.0,No Recent Activity,No Recent Activity,No Recent Activity,No Recent Activity,0
149,A-bb1486,3,Elevated,56.23333333333333,stable usage,0,No Errors,1.0,Extremely Unhappy,0.0,0.0,0.0,0.0,No Recent Activity,No Recent Activity,No Recent Activity,No Recent Activity,0
150,A-b7b7b7,3,Elevated,40.0,inconsistent,6,Medium Errors,3.3333333333333335,Satisfied,0.0,0.0,0.0,0.0,No Recent Activity,No Recent Activity,No Recent Activity,No Recent Activity,0
151,A-b7724f,3,Elevated,1.8666666666666665,disengaged,0,No Errors,2.0,Unhappy,0.0,0.0,0.0,0.0,No Recent Activity,No Recent Activity,No Recent Activity,No Recent Activity,0
152,A-b48f73,3,Elevated,69.41666666666667,engaged,6,Medium Errors,2.6666666666666665,Neutral,0.0,0.0,0.0,0.0,No Recent Activity,No Recent Activity,No Recent Activity,No Recent Activity,0
153,A-b44e3e,3,Elevated,4.133333333333334,disengaged,0,No Errors,4.333333333333333,Very Satisfied,0.0,0.0,0.0,0.0,No Recent Activity,No Recent Activity,No Recent Activity,No Recent Activity,0
154,A-4ef964,3,Elevated,4.766666666666667,disengaged,9,Medium Errors,2.6666666666666665,Neutral,1.0,4.766666666666667,3.0,5.0,Stable,disengaged,Low Errors,Very Satisfied,0
155,A-4e44e8,3,Elevated,58.666666666666664,stable usage,3,Low Errors,3.3333333333333335,Satisfied,1.0,58.666666666666664,1.0,3.0,Stable,stable usage,Low Errors,Neutral,0
156,A-5a3eb9,3,Elevated,78.9,engaged,0,No Errors,0.0,Extremely Unhappy,0.0,0.0,0.0,0.0,No Recent Activity,No Recent Activity,No Recent Activity,No Recent Activity,0
157,A-5a184f,3,Elevated,110.0,dependency stress,9,Medium Errors,4.333333333333333,Very Satisfied,0.0,0.0,0.0,0.0,No Recent Activity,No Recent Activity,No Recent Activity,No Recent Activity,0
158,A-592832,3,Elevated,16.533333333333335,disengaged,3,Low Errors,1.6666666666666667,Unhappy,1.0,16.533333333333335,1.0,0.0,Stable,disengaged,Low Errors,Extremely Unhappy,0
159,A-a33200,3,Elevated,4.9,disengaged,3,Low Errors,3.0,Neutral,0.0,0.0,0.0,0.0,No Recent Activity,No Recent Activity,No Recent Activity,No Recent Activity,0
160,A-a1bbb6,3,Elevated,42.0,stable usage,0,No Errors,1.3333333333333333,Unhappy,0.0,0.0,0.0,0.0,No Recent Activity,No Recent Activity,No Recent Activity,No Recent Activity,0
161,A-b07346,3,Elevated,95.66666666666667,dependency stress,0,No Errors,2.3333333333333335,Neutral,1.0,95.66666666666667,0.0,3.0,Stable,dependency stress,No Errors,Neutral,0
162,A-af0cd2,3,Elevated,52.79999999999999,stable usage,6,Medium Errors,0.0,Extremely Unhappy,0.0,0.0,0.0,0.0,No Recent Activity,No Recent Activity,No Recent Activity,No Recent Activity,0
163,A-adc1f3,3,Elevated,58.48333333333333,stable usage,0,No Errors,2.3333333333333335,Neutral,0.0,0.0,0.0,0.0,No Recent Activity,No Recent Activity,No Recent Activity,No Recent Activity,0
164,A-977ca0,3,Elevated,52.0,stable usage,0,No Errors,1.3333333333333333,Unhappy,1.0,52.0,0.0,4.0,Stable,stable usage,No Errors,Satisfied,0
165,A-9779ad,3,Elevated,1.1,disengaged,0,No Errors,1.6666666666666667,Unhappy,2.0,1.1,0.0,2.5,Stable,disengaged,No Errors,Neutral,0
166,A-96bbc6,3,Elevated,30.333333333333332,inconsistent,6,Medium Errors,3.3333333333333335,Satisfied,0.0,0.0,0.0,0.0,No Recent Activity,No Recent Activity,No Recent Activity,No Recent Activity,0
167,A-2d4502,3,Elevated,49.20000000000001,stable usage,0,No Errors,3.3333333333333335,Satisfied,0.0,0.0,0.0,0.0,No Recent Activity,No Recent Activity,No Recent Activity,No Recent Activity,0
168,A-2b9d3e,3,Elevated,13.766666666666667,disengaged,0,No Errors,1.6666666666666667,Unhappy,0.0,0.0,0.0,0.0,No Recent Activity,No Recent Activity,No Recent Activity,No Recent Activity,0
169,A-2446e3,3,Elevated,51.1,stable usage,3,Low Errors,4.0,Satisfied,1.0,51.1,1.0,4.0,Stable,stable usage,Low Errors,Satisfied,0
170,A-ac85cd,3,Elevated,70.83333333333333,engaged,0,No Errors,2.3333333333333335,Neutral,0.0,0.0,0.0,0.0,No Recent Activity,No Recent Activity,No Recent Activity,No Recent Activity,0
171,A-3a7284,3,Elevated,83.1,dependency stress,0,No Errors,2.3333333333333335,Neutral,0.0,0.0,0.0,0.0,No Recent Activity,No Recent Activity,No Recent Activity,No Recent Activity,0
172,A-922109,3,Elevated,59.0,stable usage,0,No Errors,1.0,Extremely Unhappy,0.0,0.0,0.0,0.0,No Recent Activity,No Recent Activity,No Recent Activity,No Recent Activity,0
173,A-9077b0,3,Elevated,21.666666666666668,disengaged,9,Medium Errors,4.333333333333333,Very Satisfied,1.0,21.666666666666668,3.0,3.0,Stable,disengaged,Low Errors,Neutral,0
174,A-9f0b68,3,Elevated,19.5,disengaged,3,Low Errors,1.0,Extremely Unhappy,0.0,0.0,0.0,0.0,No Recent Activity,No Recent Activity,No Recent Activity,No Recent Activity,0
175,A-9ee962,3,Elevated,89.25,dependency stress,3,Low Errors,1.3333333333333333,Unhappy,0.0,0.0,0.0,0.0,No Recent Activity,No Recent Activity,No Recent Activity,No Recent Activity,0
176,A-9affe6,3,Elevated,34.65,inconsistent,0,No Errors,1.0,Extremely Unhappy,0.0,0.0,0.0,0.0,No Recent Activity,No Recent Activity,No Recent Activity,No Recent Activity,0
177,A-98a59a,3,Elevated,38.7,inconsistent,0,No Errors,3.0,Neutral,1.0,38.7,0.0,5.0,Stable,inconsistent,No Errors,Very Satisfied,0
178,A-87aa7b,3,Elevated,1.2,disengaged,0,No Errors,0.0,Extremely Unhappy,0.0,0.0,0.0,0.0,No Recent Activity,No Recent Activity,No Recent Activity,No Recent Activity,0
179,A-94f8c9,3,Elevated,89.09999999999998,dependency stress,0,No Errors,3.3333333333333335,Satisfied,0.0,0.0,0.0,0.0,No Recent Activity,No Recent Activity,No Recent Activity,No Recent Activity,0
180,A-940b8b,3,Elevated,31.600000000000005,inconsistent,0,No Errors,2.6666666666666665,Neutral,1.0,31.6,0.0,0.0,Stable,inconsistent,No Errors,Extremely Unhappy,0
181,A-7df7a7,3,Elevated,118.8,dependency stress,0,No Errors,4.0,Satisfied,0.0,0.0,0.0,0.0,No Recent Activity,No Recent Activity,No Recent Activity,No Recent Activity,0
182,A-342303,3,Elevated,9.566666666666666,disengaged,3,Low Errors,3.0,Neutral,0.0,0.0,0.0,0.0,No Recent Activity,No Recent Activity,No Recent Activity,No Recent Activity,0
183,A-30b4ca,3,Elevated,63.98333333333333,engaged,0,No Errors,1.3333333333333333,Unhappy,1.0,63.983333333333334,0.0,0.0,Stable,engaged,No Errors,Extremely Unhappy,0
184,A-8bde0c,3,Elevated,76.4,engaged,0,No Errors,2.6666666666666665,Neutral,1.0,76.4,0.0,0.0,Stable,engaged,No Errors,Extremely Unhappy,0
185,A-6c093d,3,Elevated,10.083333333333334,disengaged,0,No Errors,1.6666666666666667,Unhappy,0.0,0.0,0.0,0.0,No Recent Activity,No Recent Activity,No Recent Activity,No Recent Activity,0
186,A-6a7c9d,3,Elevated,9.4,disengaged,0,No Errors,2.6666666666666665,Neutral,0.0,0.0,0.0,0.0,No Recent Activity,No Recent Activity,No Recent Activity,No Recent Activity,0
187,A-832ec2,3,Elevated,12.366666666666667,disengaged,0,No Errors,2.6666666666666665,Neutral,0.0,0.0,0.0,0.0,No Recent Activity,No Recent Activity,No Recent Activity,No Recent Activity,0
188,A-81edc3,3,Elevated,16.133333333333333,disengaged,3,Low Errors,2.6666666666666665,Neutral,0.0,0.0,0.0,0.0,No Recent Activity,No Recent Activity,No Recent Activity,No Recent Activity,0
189,A-7da956,3,Elevated,97.76666666666667,dependency stress,0,No Errors,1.6666666666666667,Unhappy,0.0,0.0,0.0,0.0,No Recent Activity,No Recent Activity,No Recent Activity,No Recent Activity,0
190,A-7d514c,3,Elevated,3.4,disengaged,3,Low Errors,1.6666666666666667,Unhappy,0.0,0.0,0.0,0.0,No Recent Activity,No Recent Activity,No Recent Activity,No Recent Activity,0
191,A-7c4956,3,Elevated,58.48333333333333,stable usage,3,Low Errors,1.3333333333333333,Unhappy,1.0,58.483333333333334,1.0,0.0,Stable,stable usage,Low Errors,Extremely Unhappy,0
192,A-7988d1,3,Elevated,12.833333333333334,disengaged,18,High Errors,4.333333333333333,Very Satisfied,2.0,12.833333333333334,12.0,4.0,Stable,disengaged,High Errors,Satisfied,0
193,A-6965e1,3,Elevated,28.350000000000005,inconsistent,3,Low Errors,1.0,Extremely Unhappy,0.0,0.0,0.0,0.0,No Recent Activity,No Recent Activity,No Recent Activity,No Recent Activity,0
194,A-756192,3,Elevated,53.333333333333336,stable usage,0,No Errors,2.6666666666666665,Neutral,0.0,0.0,0.0,0.0,No Recent Activity,No Recent Activity,No Recent Activity,No Recent Activity,0
195,A-726cfa,3,Elevated,47.06666666666667,stable usage,0,No Errors,2.6666666666666665,Neutral,0.0,0.0,0.0,0.0,No Recent Activity,No Recent Activity,No Recent Activity,No Recent Activity,0
196,A-fabe19,3,Elevated,26.0,inconsistent,0,No Errors,1.3333333333333333,Unhappy,0.0,0.0,0.0,0.0,No Recent Activity,No Recent Activity,No Recent Activity,No Recent Activity,0
197,A-f45426,3,Elevated,79.16666666666667,engaged,15,High Errors,1.3333333333333333,Unhappy,0.0,0.0,0.0,0.0,No Recent Activity,No Recent Activity,No Recent Activity,No Recent Activity,0
198,A-08e34e,3,Elevated,55.916666666666664,stable usage,0,No Errors,2.0,Unhappy,0.0,0.0,0.0,0.0,No Recent Activity,No Recent Activity,No Recent Activity,No Recent Activity,0
199,A-089363,3,Elevated,6.75,disengaged,0,No Errors,3.6666666666666665,Satisfied,1.0,6.75,0.0,4.0,Stable,disengaged,No Errors,Satisfied,0
200,A-10b8da,3,Elevated,64.28333333333333,engaged,0,No Errors,2.3333333333333335,Neutral,0.0,0.0,0.0,0.0,No Recent Activity,No Recent Activity,No Recent Activity,No Recent Activity,0
201,A-0f3e88,3,Elevated,2.0166666666666666,disengaged,6,Medium Errors,3.0,Neutral,1.0,2.0166666666666666,2.0,4.0,Stable,disengaged,Low Errors,Satisfied,0
202,A-0e966d,3,Elevated,73.35,engaged,0,No Errors,3.0,Neutral,1.0,73.35,0.0,5.0,Stable,engaged,No Errors,Very Satisfied,0
203,A-0cc442,3,Elevated,24.266666666666666,disengaged,3,Low Errors,1.0,Extremely Unhappy,0.0,0.0,0.0,0.0,No Recent Activity,No Recent Activity,No Recent Activity,No Recent Activity,0
204,A-0a282f,3,Elevated,61.73333333333333,engaged,0,No Errors,4.666666666666667,Very Satisfied,1.0,61.733333333333334,0.0,4.0,Stable,engaged,No Errors,Satisfied,0
205,A-02cd81,3,Elevated,51.0,stable usage,0,No Errors,3.0,Neutral,0.0,0.0,0.0,0.0,No Recent Activity,No Recent Activity,No Recent Activity,No Recent Activity,0
206,A-fe79a5,4,Elevated,51.166666666666664,stable usage,16,High Errors,2.5,Neutral,0.0,0.0,0.0,0.0,No Recent Activity,No Recent Activity,No Recent Activity,No Recent Activity,0
207,A-e3bd71,4,Elevated,69.06666666666666,engaged,4,Low Errors,2.0,Unhappy,0.0,0.0,0.0,0.0,No Recent Activity,No Recent Activity,No Recent Activity,No Recent Activity,0
208,A-00bed1,4,Elevated,71.28333333333333,engaged,0,No Errors,1.0,Extremely Unhappy,0.0,0.0,0.0,0.0,No Recent Activity,No Recent Activity,No Recent Activity,No Recent Activity,0
209,A-0651a4,4,Elevated,54.4,stable usage,0,No Errors,2.0,Unhappy,1.0,54.4,0.0,5.0,Stable,stable usage,No Errors,Very Satisfied,0
210,A-ee42db,4,Elevated,12.45,disengaged,4,Low Errors,0.75,Extremely Unhappy,0.0,0.0,0.0,0.0,No Recent Activity,No Recent Activity,No Recent Activity,No Recent Activity,0
211,A-05f0e5,4,Elevated,6.3,disengaged,0,No Errors,3.0,Neutral,1.0,6.3,0.0,0.0,Stable,disengaged,No Errors,Extremely Unhappy,0
212,A-6f8ad2,4,Elevated,22.266666666666666,disengaged,12,High Errors,3.25,Satisfied,2.0,22.266666666666666,6.0,2.5,Stable,disengaged,Medium Errors,Neutral,0
213,A-0dbdc6,4,Elevated,1.8666666666666667,disengaged,0,No Errors,1.25,Unhappy,1.0,1.8666666666666667,0.0,5.0,Stable,disengaged,No Errors,Very Satisfied,0
214,A-700ade,4,Elevated,62.666666666666664,engaged,0,No Errors,3.5,Satisfied,1.0,62.666666666666664,0.0,0.0,Stable,engaged,No Errors,Extremely Unhappy,0
215,A-702032,4,Elevated,116.16666666666667,dependency stress,0,No Errors,1.5,Unhappy,0.0,0.0,0.0,0.0,No Recent Activity,No Recent Activity,No Recent Activity,No Recent Activity,0
216,A-7c83a1,4,Elevated,40.6,stable usage,0,No Errors,4.0,Satisfied,0.0,0.0,0.0,0.0,No Recent Activity,No Recent Activity,No Recent Activity,No Recent Activity,0
217,A-7dacce,4,Elevated,31.166666666666668,inconsistent,0,No Errors,2.75,Neutral,0.0,0.0,0.0,0.0,No Recent Activity,No Recent Activity,No Recent Activity,No Recent Activity,0
218,A-684255,4,Elevated,123.5,dependency stress,0,No Errors,3.5,Satisfied,0.0,0.0,0.0,0.0,No Recent Activity,No Recent Activity,No Recent Activity,No Recent Activity,0
219,A-78f02b,4,Elevated,13.433333333333334,disengaged,4,Low Errors,3.0,Neutral,1.0,13.433333333333334,1.0,4.0,Stable,disengaged,Low Errors,Satisfied,0
220,A-69fad4,4,Elevated,10.0,disengaged,0,No Errors,2.75,Neutral,1.0,10.0,0.0,4.0,Stable,disengaged,No Errors,Satisfied,0
221,A-781cc0,4,Elevated,60.4,engaged,4,Low Errors,2.75,Neutral,0.0,0.0,0.0,0.0,No Recent Activity,No Recent Activity,No Recent Activity,No Recent Activity,0
222,A-4a267b,4,Elevated,7.2,disengaged,4,Low Errors,3.25,Satisfied,0.0,0.0,0.0,0.0,No Recent Activity,No Recent Activity,No Recent Activity,No Recent Activity,0
223,A-4bfa33,4,Elevated,12.25,disengaged,0,No Errors,2.75,Neutral,0.0,0.0,0.0,0.0,No Recent Activity,No Recent Activity,No Recent Activity,No Recent Activity,0
224,A-313be3,4,Elevated,34.666666666666664,inconsistent,0,No Errors,1.25,Unhappy,1.0,34.666666666666664,0.0,5.0,Stable,inconsistent,No Errors,Very Satisfied,0
225,A-80eeb6,4,Elevated,85.35,dependency stress,0,No Errors,2.75,Neutral,0.0,0.0,0.0,0.0,No Recent Activity,No Recent Activity,No Recent Activity,No Recent Activity,0
226,A-84ebe4,4,Elevated,19.0,disengaged,8,Medium Errors,2.0,Unhappy,0.0,0.0,0.0,0.0,No Recent Activity,No Recent Activity,No Recent Activity,No Recent Activity,0
227,A-659280,4,Elevated,75.46666666666667,engaged,4,Low Errors,3.25,Satisfied,0.0,0.0,0.0,0.0,No Recent Activity,No Recent Activity,No Recent Activity,No Recent Activity,0
228,A-e83938,4,Elevated,48.4,stable usage,8,Medium Errors,0.75,Extremely Unhappy,0.0,0.0,0.0,0.0,No Recent Activity,No Recent Activity,No Recent Activity,No Recent Activity,0
229,A-cc102e,4,Elevated,52.9,stable usage,0,No Errors,3.25,Satisfied,1.0,52.9,0.0,5.0,Stable,stable usage,No Errors,Very Satisfied,0
230,A-812c5b,4,Elevated,28.95,inconsistent,0,No Errors,2.0,Unhappy,0.0,0.0,0.0,0.0,No Recent Activity,No Recent Activity,No Recent Activity,No Recent Activity,0
231,A-b11cd0,4,Elevated,100.75,dependency stress,0,No Errors,2.0,Unhappy,1.0,100.75,0.0,3.0,Stable,dependency stress,No Errors,Neutral,0
232,A-cbd1a3,4,Elevated,53.25,stable usage,4,Low Errors,2.0,Unhappy,1.0,53.25,1.0,0.0,Stable,stable usage,Low Errors,Extremely Unhappy,0
233,A-bd4708,4,Elevated,29.5,inconsistent,4,Low Errors,1.75,Unhappy,1.0,29.5,1.0,3.0,Stable,inconsistent,Low Errors,Neutral,0
234,A-d4e0d4,4,Elevated,39.78333333333333,inconsistent,8,Medium Errors,2.0,Unhappy,0.0,0.0,0.0,0.0,No Recent Activity,No Recent Activity,No Recent Activity,No Recent Activity,0
235,A-d4ac0e,4,Elevated,32.53333333333333,inconsistent,16,High Errors,1.75,Unhappy,2.0,32.53333333333333,8.0,1.5,Stable,inconsistent,Medium Errors,Unhappy,0
236,A-cb5333,4,Elevated,58.266666666666666,stable usage,0,No Errors,0.75,Extremely Unhappy,0.0,0.0,0.0,0.0,No Recent Activity,No Recent Activity,No Recent Activity,No Recent Activity,0
237,A-ae052e,4,Elevated,32.4,inconsistent,4,Low Errors,2.0,Unhappy,0.0,0.0,0.0,0.0,No Recent Activity,No Recent Activity,No Recent Activity,No Recent Activity,0
238,A-993085,4,Elevated,10.033333333333333,disengaged,0,No Errors,1.75,Unhappy,0.0,0.0,0.0,0.0,No Recent Activity,No Recent Activity,No Recent Activity,No Recent Activity,0
239,A-8ae3fc,4,Elevated,72.75,engaged,0,No Errors,1.75,Unhappy,0.0,0.0,0.0,0.0,No Recent Activity,No Recent Activity,No Recent Activity,No Recent Activity,0
240,A-8adedc,4,Elevated,16.666666666666668,disengaged,8,Medium Errors,1.0,Extremely Unhappy,0.0,0.0,0.0,0.0,No Recent Activity,No Recent Activity,No Recent Activity,No Recent Activity,0
241,A-241e75,4,Elevated,94.05,dependency stress,12,High Errors,2.25,Neutral,1.0,94.05,3.0,5.0,Stable,dependency stress,Low Errors,Very Satisfied,0
242,A-533452,4,Elevated,34.95,inconsistent,20,High Errors,2.0,Unhappy,0.0,0.0,0.0,0.0,No Recent Activity,No Recent Activity,No Recent Activity,No Recent Activity,0
243,A-a6d261,4,Elevated,77.73333333333333,engaged,4,Low Errors,3.5,Satisfied,1.0,77.73333333333333,1.0,0.0,Stable,engaged,Low Errors,Extremely Unhappy,0
244,A-3c1a3f,4,Elevated,16.5,disengaged,0,No Errors,1.75,Unhappy,0.0,0.0,0.0,0.0,No Recent Activity,No Recent Activity,No Recent Activity,No Recent Activity,0
245,A-3be56b,4,Elevated,9.0,disengaged,0,No Errors,3.5,Satisfied,0.0,0.0,0.0,0.0,No Recent Activity,No Recent Activity,No Recent Activity,No Recent Activity,0
246,A-a1b80b,4,Elevated,75.0,engaged,4,Low Errors,3.0,Neutral,0.0,0.0,0.0,0.0,No Recent Activity,No Recent Activity,No Recent Activity,No Recent Activity,0
247,A-3a5ad8,4,Elevated,49.0,stable usage,0,No Errors,2.25,Neutral,1.0,49.0,0.0,4.0,Stable,stable usage,No Errors,Satisfied,0
248,A-c16101,4,Elevated,75.53333333333333,engaged,0,No Errors,1.25,Unhappy,0.0,0.0,0.0,0.0,No Recent Activity,No Recent Activity,No Recent Activity,No Recent Activity,0
249,A-bece89,4,Elevated,3.45,disengaged,0,No Errors,3.0,Neutral,0.0,0.0,0.0,0.0,No Recent Activity,No Recent Activity,No Recent Activity,No Recent Activity,0
250,A-ccabf0,4,Elevated,14.8,disengaged,0,No Errors,2.75,Neutral,0.0,0.0,0.0,0.0,No Recent Activity,No Recent Activity,No Recent Activity,No Recent Activity,0
251,A-afa505,4,Elevated,70.4,engaged,0,No Errors,1.5,Unhappy,1.0,70.4,0.0,0.0,Stable,engaged,No Errors,Extremely Unhappy,0
252,A-b07b56,4,Elevated,55.333333333333336,stable usage,0,No Errors,0.75,Extremely Unhappy,1.0,55.333333333333336,0.0,0.0,Stable,stable usage,No Errors,Extremely Unhappy,0
253,A-e351e1,4,Elevated,43.11666666666667,stable usage,0,No Errors,3.75,Satisfied,1.0,43.11666666666667,0.0,4.0,Stable,stable usage,No Errors,Satisfied,0
254,A-92a333,4,Elevated,115.7,dependency stress,8,Medium Errors,0.0,Extremely Unhappy,0.0,0.0,0.0,0.0,No Recent Activity,No Recent Activity,No Recent Activity,No Recent Activity,0
255,A-90a8c8,4,Elevated,60.75,engaged,0,No Errors,3.25,Satisfied,0.0,0.0,0.0,0.0,No Recent Activity,No Recent Activity,No Recent Activity,No Recent Activity,0
256,A-9c18c4,4,Elevated,17.0,disengaged,0,No Errors,2.0,Unhappy,0.0,0.0,0.0,0.0,No Recent Activity,No Recent Activity,No Recent Activity,No Recent Activity,0
257,A-d49cc5,4,Elevated,4.133333333333334,disengaged,12,High Errors,2.25,Neutral,0.0,0.0,0.0,0.0,No Recent Activity,No Recent Activity,No Recent Activity,No Recent Activity,0
258,A-d42431,4,Elevated,46.4,stable usage,0,No Errors,2.0,Unhappy,0.0,0.0,0.0,0.0,No Recent Activity,No Recent Activity,No Recent Activity,No Recent Activity,0
259,A-d27f50,4,Elevated,47.6,stable usage,0,No Errors,3.75,Satisfied,0.0,0.0,0.0,0.0,No Recent Activity,No Recent Activity,No Recent Activity,No Recent Activity,0
260,A-c37cab,4,Elevated,91.4,dependency stress,0,No Errors,3.75,Satisfied,0.0,0.0,0.0,0.0,No Recent Activity,No Recent Activity,No Recent Activity,No Recent Activity,0
261,A-c37601,4,Elevated,14.0,disengaged,0,No Errors,2.75,Neutral,0.0,0.0,0.0,0.0,No Recent Activity,No Recent Activity,No Recent Activity,No Recent Activity,0
262,A-9b9fe9,4,Elevated,40.95,stable usage,12,High Errors,3.0,Neutral,0.0,0.0,0.0,0.0,No Recent Activity,No Recent Activity,No Recent Activity,No Recent Activity,0
263,A-35083d,4,Elevated,42.6,stable usage,0,No Errors,3.75,Satisfied,1.0,42.6,0.0,0.0,Stable,stable usage,No Errors,Extremely Unhappy,0
264,A-337bc1,4,Elevated,88.2,dependency stress,0,No Errors,3.0,Neutral,1.0,88.2,0.0,3.0,Stable,dependency stress,No Errors,Neutral,0
265,A-3793ee,4,Elevated,129.35,dependency stress,0,No Errors,1.0,Extremely Unhappy,0.0,0.0,0.0,0.0,No Recent Activity,No Recent Activity,No Recent Activity,No Recent Activity,0
266,A-92a3af,4,Elevated,31.333333333333332,inconsistent,4,Low Errors,2.0,Unhappy,0.0,0.0,0.0,0.0,No Recent Activity,No Recent Activity,No Recent Activity,No Recent Activity,0
267,A-94c3cd,4,Elevated,42.9,stable usage,4,Low Errors,1.75,Unhappy,0.0,0.0,0.0,0.0,No Recent Activity,No Recent Activity,No Recent Activity,No Recent Activity,0
268,A-5b1bcd,4,Elevated,45.06666666666667,stable usage,8,Medium Errors,2.25,Neutral,1.0,45.06666666666667,2.0,0.0,Stable,stable usage,Low Errors,Extremely Unhappy,0
269,A-5c9849,4,Elevated,69.06666666666666,engaged,0,No Errors,0.0,Extremely Unhappy,0.0,0.0,0.0,0.0,No Recent Activity,No Recent Activity,No Recent Activity,No Recent Activity,0
270,A-54d94a,4,Elevated,140.26666666666668,dependency stress,0,No Errors,1.75,Unhappy,0.0,0.0,0.0,0.0,No Recent Activity,No Recent Activity,No Recent Activity,No Recent Activity,0
271,A-a45270,4,Elevated,9.2,disengaged,8,Medium Errors,2.0,Unhappy,1.0,9.2,2.0,4.0,Stable,disengaged,Low Errors,Satisfied,0
272,A-462d45,4,Elevated,21.416666666666668,disengaged,0,No Errors,1.0,Extremely Unhappy,0.0,0.0,0.0,0.0,No Recent Activity,No Recent Activity,No Recent Activity,No Recent Activity,0
273,A-b3fe05,4,Elevated,91.5,dependency stress,12,High Errors,1.5,Unhappy,0.0,0.0,0.0,0.0,No Recent Activity,No Recent Activity,No Recent Activity,No Recent Activity,0
274,A-1b9609,4,Elevated,4.666666666666667,disengaged,0,No Errors,0.75,Extremely Unhappy,1.0,4.666666666666667,0.0,0.0,Stable,disengaged,No Errors,Extremely Unhappy,0
275,A-20736a,4,Elevated,45.28333333333333,stable usage,0,No Errors,3.75,Satisfied,0.0,0.0,0.0,0.0,No Recent Activity,No Recent Activity,No Recent Activity,No Recent Activity,0
276,A-202b67,4,Elevated,58.3,stable usage,0,No Errors,3.5,Satisfied,0.0,0.0,0.0,0.0,No Recent Activity,No Recent Activity,No Recent Activity,No Recent Activity,0
277,A-c222ab,4,Elevated,52.2,stable usage,12,High Errors,1.25,Unhappy,1.0,52.2,3.0,0.0,Stable,stable usage,Low Errors,Extremely Unhappy,0
278,A-faa28c,4,Elevated,29.166666666666668,inconsistent,0,No Errors,3.5,Satisfied,1.0,29.166666666666668,0.0,0.0,Stable,inconsistent,No Errors,Extremely Unhappy,0
279,A-09316c,4,Elevated,72.0,engaged,4,Low Errors,3.75,Satisfied,1.0,72.0,1.0,3.0,Stable,engaged,Low Errors,Neutral,0
280,A-f5641b,4,Elevated,1.6,disengaged,0,No Errors,1.5,Unhappy,1.0,1.6,0.0,3.0,Stable,disengaged,No Errors,Neutral,0
281,A-0354fe,4,Elevated,13.583333333333334,disengaged,4,Low Errors,2.0,Unhappy,2.0,13.583333333333334,2.0,1.5,Stable,disengaged,Low Errors,Unhappy,0
282,A-f51f16,4,Elevated,17.833333333333332,disengaged,4,Low Errors,1.5,Unhappy,0.0,0.0,0.0,0.0,No Recent Activity,No Recent Activity,No Recent Activity,No Recent Activity,0
283,A-eb7fac,4,Elevated,54.266666666666666,stable usage,0,No Errors,1.0,Extremely Unhappy,0.0,0.0,0.0,0.0,No Recent Activity,No Recent Activity,No Recent Activity,No Recent Activity,0
284,A-ccc747,4,Elevated,14.6,disengaged,4,Low Errors,1.25,Unhappy,0.0,0.0,0.0,0.0,No Recent Activity,No Recent Activity,No Recent Activity,No Recent Activity,0
285,A-cdf020,4,Elevated,38.85,inconsistent,0,No Errors,3.0,Neutral,0.0,0.0,0.0,0.0,No Recent Activity,No Recent Activity,No Recent Activity,No Recent Activity,0
286,A-59f724,4,Elevated,14.8,disengaged,0,No Errors,4.25,Very Satisfied,1.0,14.8,0.0,5.0,Stable,disengaged,No Errors,Very Satisfied,0
287,A-5a215a,4,Elevated,4.4,disengaged,0,No Errors,3.0,Neutral,1.0,4.4,0.0,5.0,Stable,disengaged,No Errors,Very Satisfied,0
288,A-56962b,4,Elevated,24.9,disengaged,0,No Errors,0.75,Extremely Unhappy,0.0,0.0,0.0,0.0,No Recent Activity,No Recent Activity,No Recent Activity,No Recent Activity,0
289,A-4814a3,4,Elevated,10.5,disengaged,8,Medium Errors,1.0,Extremely Unhappy,0.0,0.0,0.0,0.0,No Recent Activity,No Recent Activity,No Recent Activity,No Recent Activity,0
290,A-bbe56f,4,Elevated,84.0,dependency stress,0,No Errors,3.0,Neutral,2.0,84.0,0.0,2.0,Stable,dependency stress,No Errors,Unhappy,0
291,A-c62e55,4,Elevated,18.0,disengaged,0,No Errors,3.0,Neutral,0.0,0.0,0.0,0.0,No Recent Activity,No Recent Activity,No Recent Activity,No Recent Activity,0
292,A-443f6f,4,Elevated,52.833333333333336,stable usage,8,Medium Errors,3.5,Satisfied,2.0,52.833333333333336,4.0,2.5,Stable,stable usage,Low Errors,Neutral,0
293,A-558c72,4,Elevated,69.8,engaged,0,No Errors,2.25,Neutral,0.0,0.0,0.0,0.0,No Recent Activity,No Recent Activity,No Recent Activity,No Recent Activity,0
294,A-560d27,4,Elevated,69.66666666666667,engaged,0,No Errors,2.75,Neutral,0.0,0.0,0.0,0.0,No Recent Activity,No Recent Activity,No Recent Activity,No Recent Activity,0
295,A-2789e3,4,Elevated,77.06666666666666,engaged,12,High Errors,3.0,Neutral,2.0,77.06666666666666,6.0,4.0,Stable,engaged,Medium Errors,Satisfied,0
296,A-2edab2,4,Elevated,73.23333333333333,engaged,0,No Errors,0.75,Extremely Unhappy,0.0,0.0,0.0,0.0,No Recent Activity,No Recent Activity,No Recent Activity,No Recent Activity,0
297,A-5790f4,4,Elevated,39.6,inconsistent,0,No Errors,1.0,Extremely Unhappy,1.0,39.6,0.0,0.0,Stable,inconsistent,No Errors,Extremely Unhappy,0
298,A-ad64c6,4,Elevated,75.2,engaged,0,No Errors,1.25,Unhappy,2.0,75.2,0.0,0.0,Stable,engaged,No Errors,Extremely Unhappy,0
299,A-5ed98d,5,High Risk,17.333333333333332,disengaged,10,Medium Errors,1.0,Extremely Unhappy,1.0,17.333333333333332,2.0,0.0,Stable,disengaged,Low Errors,Extremely Unhappy,0
300,A-cc1d8d,5,High Risk,11.5,disengaged,0,No Errors,1.8,Unhappy,0.0,0.0,0.0,0.0,No Recent Activity,No Recent Activity,No Recent Activity,No Recent Activity,0
301,A-625d0b,5,High Risk,49.06666666666667,stable usage,0,No Errors,0.6,Extremely Unhappy,1.0,49.06666666666667,0.0,0.0,Stable,stable usage,No Errors,Extremely Unhappy,0
302,A-425e76,5,High Risk,107.46666666666667,dependency stress,0,No Errors,2.0,Unhappy,0.0,0.0,0.0,0.0,No Recent Activity,No Recent Activity,No Recent Activity,No Recent Activity,0
303,A-ef84cf,5,High Risk,73.33333333333333,engaged,0,No Errors,2.6,Neutral,2.0,73.33333333333333,0.0,4.5,Stable,engaged,No Errors,Very Satisfied,0
304,A-0b0d6d,5,High Risk,63.8,engaged,0,No Errors,1.6,Unhappy,1.0,63.8,0.0,0.0,Stable,engaged,No Errors,Extremely Unhappy,0
305,A-e888d1,5,High Risk,91.4,dependency stress,0,No Errors,2.4,Neutral,1.0,91.4,0.0,4.0,Stable,dependency stress,No Errors,Satisfied,0
306,A-484819,5,High Risk,26.5,inconsistent,0,No Errors,1.8,Unhappy,0.0,0.0,0.0,0.0,No Recent Activity,No Recent Activity,No Recent Activity,No Recent Activity,0
307,A-65c341,5,High Risk,32.45,inconsistent,0,No Errors,0.8,Extremely Unhappy,0.0,0.0,0.0,0.0,No Recent Activity,No Recent Activity,No Recent Activity,No Recent Activity,0
308,A-4c56c9,5,High Risk,38.4,inconsistent,5,Low Errors,3.0,Neutral,2.0,38.4,2.0,4.0,Stable,inconsistent,Low Errors,Satisfied,0
309,A-4a4c2d,5,High Risk,35.55,inconsistent,0,No Errors,3.4,Satisfied,1.0,35.55,0.0,5.0,Stable,inconsistent,No Errors,Very Satisfied,0
310,A-8e47ca,5,High Risk,78.45,engaged,0,No Errors,1.6,Unhappy,0.0,0.0,0.0,0.0,No Recent Activity,No Recent Activity,No Recent Activity,No Recent Activity,0
311,A-309e54,5,High Risk,136.0,dependency stress,0,No Errors,0.6,Extremely Unhappy,1.0,136.0,0.0,0.0,Stable,dependency stress,No Errors,Extremely Unhappy,0
312,A-3f9cc0,5,High Risk,38.1,inconsistent,10,Medium Errors,1.8,Unhappy,1.0,38.1,2.0,0.0,Stable,inconsistent,Low Errors,Extremely Unhappy,0
313,A-779e4e,5,High Risk,107.6,dependency stress,0,No Errors,3.2,Satisfied,1.0,107.6,0.0,5.0,Stable,dependency stress,No Errors,Very Satisfied,0
314,A-82861f,5,High Risk,17.383333333333333,disengaged,10,Medium Errors,3.2,Satisfied,2.0,17.383333333333333,4.0,3.0,Stable,disengaged,Low Errors,Neutral,0
315,A-82d8a6,5,High Risk,35.85,inconsistent,5,Low Errors,1.4,Unhappy,3.0,35.85,3.0,2.3333333333333335,Elevated,inconsistent,Low Errors,Neutral,0
316,A-7f4db3,5,High Risk,6.0,disengaged,0,No Errors,2.6,Neutral,0.0,0.0,0.0,0.0,No Recent Activity,No Recent Activity,No Recent Activity,No Recent Activity,0
317,A-310452,5,High Risk,92.4,dependency stress,5,Low Errors,3.6,Satisfied,0.0,0.0,0.0,0.0,No Recent Activity,No Recent Activity,No Recent Activity,No Recent Activity,0
318,A-6dee43,5,High Risk,19.716666666666665,disengaged,5,Low Errors,2.6,Neutral,1.0,19.716666666666665,1.0,0.0,Stable,disengaged,Low Errors,Extremely Unhappy,0
319,A-6da850,5,High Risk,48.13333333333333,stable usage,5,Low Errors,0.8,Extremely Unhappy,1.0,48.13333333333333,1.0,0.0,Stable,stable usage,Low Errors,Extremely Unhappy,0
320,A-855a48,5,High Risk,83.7,dependency stress,0,No Errors,2.2,Neutral,0.0,0.0,0.0,0.0,No Recent Activity,No Recent Activity,No Recent Activity,No Recent Activity,0
321,A-854864,5,High Risk,13.333333333333334,disengaged,10,Medium Errors,4.8,Very Satisfied,0.0,0.0,0.0,0.0,No Recent Activity,No Recent Activity,No Recent Activity,No Recent Activity,0
322,A-76fa4d,5,High Risk,78.93333333333334,engaged,0,No Errors,3.6,Satisfied,0.0,0.0,0.0,0.0,No Recent Activity,No Recent Activity,No Recent Activity,No Recent Activity,0
323,A-158f4e,5,High Risk,26.6,inconsistent,0,No Errors,2.6,Neutral,0.0,0.0,0.0,0.0,No Recent Activity,No Recent Activity,No Recent Activity,No Recent Activity,0
324,A-6f50ae,5,High Risk,64.66666666666667,engaged,0,No Errors,3.6,Satisfied,3.0,64.66666666666667,0.0,2.6666666666666665,Elevated,engaged,No Errors,Neutral,0
325,A-e43bf7,5,High Risk,13.6,disengaged,5,Low Errors,2.4,Neutral,1.0,13.6,1.0,4.0,Stable,disengaged,Low Errors,Satisfied,0
326,A-7641d3,5,High Risk,149.78333333333333,dependency stress,0,No Errors,2.6,Neutral,0.0,0.0,0.0,0.0,No Recent Activity,No Recent Activity,No Recent Activity,No Recent Activity,0
327,A-67be94,5,High Risk,84.4,dependency stress,0,No Errors,1.6,Unhappy,2.0,84.4,0.0,1.5,Stable,dependency stress,No Errors,Unhappy,0
328,A-751c58,5,High Risk,56.4,stable usage,0,No Errors,2.6,Neutral,1.0,56.4,0.0,5.0,Stable,stable usage,No Errors,Very Satisfied,0
329,A-716841,5,High Risk,11.55,disengaged,0,No Errors,2.4,Neutral,0.0,0.0,0.0,0.0,No Recent Activity,No Recent Activity,No Recent Activity,No Recent Activity,0
330,A-7c5768,5,High Risk,59.466666666666676,stable usage,0,No Errors,2.4,Neutral,3.0,59.46666666666667,0.0,2.3333333333333335,Elevated,stable usage,No Errors,Neutral,0
331,A-7c6b6b,5,High Risk,22.4,disengaged,0,No Errors,2.6,Neutral,1.0,22.4,0.0,0.0,Stable,disengaged,No Errors,Extremely Unhappy,0
332,A-798a3f,5,High Risk,51.06666666666667,stable usage,0,No Errors,2.4,Neutral,1.0,51.06666666666667,0.0,4.0,Stable,stable usage,No Errors,Satisfied,0
333,A-68f37c,5,High Risk,26.4,inconsistent,0,No Errors,0.8,Extremely Unhappy,2.0,26.4,0.0,2.0,Stable,inconsistent,No Errors,Unhappy,0
334,A-d792a6,5,High Risk,12.35,disengaged,10,Medium Errors,1.6,Unhappy,1.0,12.35,2.0,0.0,Stable,disengaged,Low Errors,Extremely Unhappy,0
335,A-d82ef9,5,High Risk,4.083333333333333,disengaged,0,No Errors,3.4,Satisfied,1.0,4.083333333333333,0.0,0.0,Stable,disengaged,No Errors,Extremely Unhappy,0
336,A-bcf664,5,High Risk,8.866666666666667,disengaged,5,Low Errors,2.4,Neutral,1.0,8.866666666666667,1.0,4.0,Stable,disengaged,Low Errors,Satisfied,0
337,A-9f9299,5,High Risk,17.333333333333332,disengaged,0,No Errors,1.0,Extremely Unhappy,2.0,17.333333333333332,0.0,0.0,Stable,disengaged,No Errors,Extremely Unhappy,0
338,A-3b37d9,5,High Risk,146.4,dependency stress,0,No Errors,1.8,Unhappy,1.0,146.4,0.0,0.0,Stable,dependency stress,No Errors,Extremely Unhappy,0
339,A-39ddf4,5,High Risk,30.6,inconsistent,30,Severe Errors,3.4,Satisfied,1.0,30.6,6.0,4.0,Stable,inconsistent,Medium Errors,Satisfied,0
340,A-396e5f,5,High Risk,19.133333333333333,disengaged,0,No Errors,0.8,Extremely Unhappy,0.0,0.0,0.0,0.0,No Recent Activity,No Recent Activity,No Recent Activity,No Recent Activity,0
341,A-a09355,5,High Risk,26.25,inconsistent,0,No Errors,2.4,Neutral,0.0,0.0,0.0,0.0,No Recent Activity,No Recent Activity,No Recent Activity,No Recent Activity,0
342,A-89ee83,5,High Risk,77.25,engaged,0,No Errors,2.4,Neutral,1.0,77.25,0.0,4.0,Stable,engaged,No Errors,Satisfied,0
343,A-3b5cd1,5,High Risk,90.8,dependency stress,0,No Errors,1.6,Unhappy,0.0,0.0,0.0,0.0,No Recent Activity,No Recent Activity,No Recent Activity,No Recent Activity,0
344,A-c4ea60,5,High Risk,101.73333333333333,dependency stress,0,No Errors,3.6,Satisfied,0.0,0.0,0.0,0.0,No Recent Activity,No Recent Activity,No Recent Activity,No Recent Activity,0
345,A-118d55,5,High Risk,4.2,disengaged,0,No Errors,2.6,Neutral,1.0,4.2,0.0,4.0,Stable,disengaged,No Errors,Satisfied,0
346,A-e2cd1b,5,High Risk,67.9,engaged,0,No Errors,3.2,Satisfied,0.0,0.0,0.0,0.0,No Recent Activity,No Recent Activity,No Recent Activity,No Recent Activity,0
347,A-410e86,5,High Risk,120.9,dependency stress,10,Medium Errors,1.4,Unhappy,0.0,0.0,0.0,0.0,No Recent Activity,No Recent Activity,No Recent Activity,No Recent Activity,0
348,A-40906c,5,High Risk,69.3,engaged,0,No Errors,3.0,Neutral,3.0,69.3,0.0,2.3333333333333335,Elevated,engaged,No Errors,Neutral,0
349,A-9badbd,5,High Risk,38.5,inconsistent,0,No Errors,2.0,Unhappy,2.0,38.5,0.0,2.5,Stable,inconsistent,No Errors,Neutral,0
350,A-5b4ebb,5,High Risk,81.95,dependency stress,5,Low Errors,3.8,Satisfied,1.0,81.95,1.0,5.0,Stable,dependency stress,Low Errors,Very Satisfied,0
351,A-37f969,5,High Risk,63.833333333333336,engaged,0,No Errors,2.2,Neutral,0.0,0.0,0.0,0.0,No Recent Activity,No Recent Activity,No Recent Activity,No Recent Activity,0
352,A-32fb14,5,High Risk,15.6,disengaged,0,No Errors,1.8,Unhappy,1.0,15.6,0.0,4.0,Stable,disengaged,No Errors,Satisfied,0
353,A-34d880,5,High Risk,74.06666666666666,engaged,0,No Errors,3.0,Neutral,2.0,74.06666666666666,0.0,3.0,Stable,engaged,No Errors,Neutral,0
354,A-86fc1d,5,High Risk,114.18333333333335,dependency stress,0,No Errors,1.6,Unhappy,0.0,0.0,0.0,0.0,No Recent Activity,No Recent Activity,No Recent Activity,No Recent Activity,0
355,A-86cdb4,5,High Risk,36.166666666666664,inconsistent,0,No Errors,2.6,Neutral,1.0,36.166666666666664,0.0,3.0,Stable,inconsistent,No Errors,Neutral,0
356,A-856b1e,5,High Risk,7.116666666666665,disengaged,0,No Errors,0.0,Extremely Unhappy,1.0,7.116666666666666,0.0,0.0,Stable,disengaged,No Errors,Extremely Unhappy,0
357,A-95b24a,5,High Risk,62.333333333333336,engaged,0,No Errors,3.4,Satisfied,0.0,0.0,0.0,0.0,No Recent Activity,No Recent Activity,No Recent Activity,No Recent Activity,0
358,A-328bd0,5,High Risk,24.4,disengaged,10,Medium Errors,2.2,Neutral,1.0,24.4,2.0,0.0,Stable,disengaged,Low Errors,Extremely Unhappy,0
359,A-7e0a10,5,High Risk,20.6,disengaged,0,No Errors,1.6,Unhappy,0.0,0.0,0.0,0.0,No Recent Activity,No Recent Activity,No Recent Activity,No Recent Activity,0
360,A-0aaf6e,5,High Risk,101.38333333333334,dependency stress,0,No Errors,1.6,Unhappy,1.0,101.38333333333334,0.0,5.0,Stable,dependency stress,No Errors,Very Satisfied,0
361,A-fdfc91,5,High Risk,29.666666666666668,inconsistent,0,No Errors,2.2,Neutral,1.0,29.666666666666668,0.0,3.0,Stable,inconsistent,No Errors,Neutral,0
362,A-18793f,5,High Risk,60.8,engaged,0,No Errors,3.8,Satisfied,0.0,0.0,0.0,0.0,No Recent Activity,No Recent Activity,No Recent Activity,No Recent Activity,0
363,A-b54c01,5,High Risk,68.68333333333334,engaged,0,No Errors,1.2,Unhappy,0.0,0.0,0.0,0.0,No Recent Activity,No Recent Activity,No Recent Activity,No Recent Activity,0
364,A-296d7c,5,High Risk,25.25,inconsistent,0,No Errors,3.0,Neutral,0.0,0.0,0.0,0.0,No Recent Activity,No Recent Activity,No Recent Activity,No Recent Activity,0
365,A-b78bf8,5,High Risk,10.9,disengaged,0,No Errors,4.2,Very Satisfied,0.0,0.0,0.0,0.0,No Recent Activity,No Recent Activity,No Recent Activity,No Recent Activity,0
366,A-c70870,5,High Risk,13.2,disengaged,0,No Errors,2.4,Neutral,0.0,0.0,0.0,0.0,No Recent Activity,No Recent Activity,No Recent Activity,No Recent Activity,0
367,A-c7e58b,5,High Risk,65.46666666666667,engaged,5,Low Errors,2.8,Neutral,0.0,0.0,0.0,0.0,No Recent Activity,No Recent Activity,No Recent Activity,No Recent Activity,0
368,A-5247b3,5,High Risk,25.5,inconsistent,15,High Errors,2.4,Neutral,1.0,25.5,3.0,5.0,Stable,inconsistent,Low Errors,Very Satisfied,0
369,A-4f18f0,5,High Risk,39.21666666666667,inconsistent,0,No Errors,3.2,Satisfied,0.0,0.0,0.0,0.0,No Recent Activity,No Recent Activity,No Recent Activity,No Recent Activity,0
370,A-526d93,5,High Risk,39.05,inconsistent,0,No Errors,1.4,Unhappy,1.0,39.05,0.0,0.0,Stable,inconsistent,No Errors,Extremely Unhappy,0
371,A-54ecc2,5,High Risk,10.5,disengaged,0,No Errors,2.0,Unhappy,1.0,10.5,0.0,5.0,Stable,disengaged,No Errors,Very Satisfied,0
372,A-1b7577,5,High Risk,69.85,engaged,0,No Errors,3.2,Satisfied,0.0,0.0,0.0,0.0,No Recent Activity,No Recent Activity,No Recent Activity,No Recent Activity,0
373,A-45ce7a,5,High Risk,101.4,dependency stress,0,No Errors,2.2,Neutral,0.0,0.0,0.0,0.0,No Recent Activity,No Recent Activity,No Recent Activity,No Recent Activity,0
374,A-53f4e3,5,High Risk,41.833333333333336,stable usage,0,No Errors,2.4,Neutral,1.0,41.833333333333336,0.0,5.0,Stable,stable usage,No Errors,Very Satisfied,0
375,A-b9eed8,5,High Risk,56.466666666666676,stable usage,0,No Errors,3.0,Neutral,1.0,56.46666666666667,0.0,4.0,Stable,stable usage,No Errors,Satisfied,0
376,A-2d1036,5,High Risk,115.48333333333332,dependency stress,0,No Errors,4.6,Very Satisfied,2.0,115.48333333333333,0.0,5.0,Stable,dependency stress,No Errors,Very Satisfied,0
377,A-2e3bad,5,High Risk,6.666666666666667,disengaged,10,Medium Errors,1.4,Unhappy,1.0,6.666666666666667,2.0,0.0,Stable,disengaged,Low Errors,Extremely Unhappy,0
378,A-96e141,5,High Risk,5.866666666666666,disengaged,0,No Errors,2.6,Neutral,0.0,0.0,0.0,0.0,No Recent Activity,No Recent Activity,No Recent Activity,No Recent Activity,0
379,A-1f559b,5,High Risk,91.43333333333334,dependency stress,0,No Errors,4.2,Very Satisfied,0.0,0.0,0.0,0.0,No Recent Activity,No Recent Activity,No Recent Activity,No Recent Activity,0
380,A-22f2df,5,High Risk,51.88333333333334,stable usage,0,No Errors,1.0,Extremely Unhappy,0.0,0.0,0.0,0.0,No Recent Activity,No Recent Activity,No Recent Activity,No Recent Activity,0
381,A-1e6fc3,5,High Risk,13.2,disengaged,0,No Errors,2.2,Neutral,0.0,0.0,0.0,0.0,No Recent Activity,No Recent Activity,No Recent Activity,No Recent Activity,0
382,A-eb2fdc,5,High Risk,30.0,inconsistent,0,No Errors,3.6,Satisfied,0.0,0.0,0.0,0.0,No Recent Activity,No Recent Activity,No Recent Activity,No Recent Activity,0
383,A-eb7c38,5,High Risk,32.13333333333333,inconsistent,0,No Errors,2.6,Neutral,0.0,0.0,0.0,0.0,No Recent Activity,No Recent Activity,No Recent Activity,No Recent Activity,0
384,A-cea1f0,5,High Risk,50.4,stable usage,5,Low Errors,2.6,Neutral,2.0,50.4,2.0,4.5,Stable,stable usage,Low Errors,Very Satisfied,0
385,A-cd458b,5,High Risk,46.666666666666664,stable usage,0,No Errors,4.6,Very Satisfied,1.0,46.666666666666664,0.0,5.0,Stable,stable usage,No Errors,Very Satisfied,0
386,A-c1e51e,5,High Risk,1.25,disengaged,0,No Errors,3.2,Satisfied,1.0,1.25,0.0,3.0,Stable,disengaged,No Errors,Neutral,0
387,A-068fc6,5,High Risk,19.733333333333334,disengaged,0,No Errors,2.6,Neutral,0.0,0.0,0.0,0.0,No Recent Activity,No Recent Activity,No Recent Activity,No Recent Activity,0
388,A-de58ca,5,High Risk,158.4,dependency stress,15,High Errors,2.0,Unhappy,2.0,158.4,6.0,3.5,Stable,dependency stress,Medium Errors,Satisfied,0
389,A-f6b2fb,5,High Risk,82.05,dependency stress,5,Low Errors,2.4,Neutral,0.0,0.0,0.0,0.0,No Recent Activity,No Recent Activity,No Recent Activity,No Recent Activity,0
390,A-0f7d77,5,High Risk,60.55,engaged,10,Medium Errors,2.0,Unhappy,0.0,0.0,0.0,0.0,No Recent Activity,No Recent Activity,No Recent Activity,No Recent Activity,0
391,A-104f1a,5,High Risk,84.66666666666667,dependency stress,10,Medium Errors,3.0,Neutral,0.0,0.0,0.0,0.0,No Recent Activity,No Recent Activity,No Recent Activity,No Recent Activity,0
392,A-fa3095,5,High Risk,70.95,engaged,0,No Errors,2.0,Unhappy,2.0,70.95,0.0,0.0,Stable,engaged,No Errors,Extremely Unhappy,0
393,A-712533,5,High Risk,22.0,disengaged,0,No Errors,3.0,Neutral,2.0,22.0,0.0,2.0,Stable,disengaged,No Errors,Unhappy,0
394,A-fda07f,5,High Risk,28.65,inconsistent,0,No Errors,2.4,Neutral,1.0,28.65,0.0,4.0,Stable,inconsistent,No Errors,Satisfied,0
395,A-034368,5,High Risk,11.416666666666666,disengaged,5,Low Errors,1.6,Unhappy,0.0,0.0,0.0,0.0,No Recent Activity,No Recent Activity,No Recent Activity,No Recent Activity,0
396,A-05d3b3,6,High Risk,20.0,disengaged,6,Medium Errors,2.1666666666666665,Neutral,1.0,20.0,1.0,0.0,Stable,disengaged,Low Errors,Extremely Unhappy,0
397,A-038089,6,High Risk,80.8,dependency stress,0,No Errors,1.8333333333333333,Unhappy,0.0,0.0,0.0,0.0,No Recent Activity,No Recent Activity,No Recent Activity,No Recent Activity,0
398,A-02fac6,6,High Risk,49.35,stable usage,0,No Errors,1.3333333333333333,Unhappy,0.0,0.0,0.0,0.0,No Recent Activity,No Recent Activity,No Recent Activity,No Recent Activity,0
399,A-fb186e,6,High Risk,30.0,inconsistent,0,No Errors,1.8333333333333333,Unhappy,0.0,0.0,0.0,0.0,No Recent Activity,No Recent Activity,No Recent Activity,No Recent Activity,0
400,A-f9cc74,6,High Risk,73.05,engaged,0,No Errors,3.3333333333333335,Satisfied,2.0,73.05,0.0,3.5,Stable,engaged,No Errors,Satisfied,0
401,A-712426,6,High Risk,8.9,disengaged,0,No Errors,3.6666666666666665,Satisfied,0.0,0.0,0.0,0.0,No Recent Activity,No Recent Activity,No Recent Activity,No Recent Activity,0
402,A-dfbd31,6,High Risk,95.7,dependency stress,0,No Errors,2.8333333333333335,Neutral,1.0,95.7,0.0,0.0,Stable,dependency stress,No Errors,Extremely Unhappy,0
403,A-463db0,6,High Risk,50.166666666666664,stable usage,0,No Errors,2.8333333333333335,Neutral,0.0,0.0,0.0,0.0,No Recent Activity,No Recent Activity,No Recent Activity,No Recent Activity,0
404,A-50f3f7,6,High Risk,7.466666666666666,disengaged,6,Medium Errors,2.5,Neutral,1.0,7.466666666666667,1.0,5.0,Stable,disengaged,Low Errors,Very Satisfied,0
405,A-4e960a,6,High Risk,66.75,engaged,0,No Errors,2.0,Unhappy,0.0,0.0,0.0,0.0,No Recent Activity,No Recent Activity,No Recent Activity,No Recent Activity,0
406,A-55f257,6,High Risk,61.95000000000001,engaged,0,No Errors,3.3333333333333335,Satisfied,0.0,0.0,0.0,0.0,No Recent Activity,No Recent Activity,No Recent Activity,No Recent Activity,0
407,A-ba6516,6,High Risk,92.86666666666666,dependency stress,0,No Errors,2.6666666666666665,Neutral,0.0,0.0,0.0,0.0,No Recent Activity,No Recent Activity,No Recent Activity,No Recent Activity,0
408,A-bb1eaa,6,High Risk,62.5,engaged,0,No Errors,1.5,Unhappy,1.0,62.5,0.0,5.0,Stable,engaged,No Errors,Very Satisfied,0
409,A-22d9d2,6,High Risk,67.83333333333333,engaged,0,No Errors,2.6666666666666665,Neutral,1.0,67.83333333333333,0.0,3.0,Stable,engaged,No Errors,Neutral,0
410,A-1e1b80,6,High Risk,61.333333333333336,engaged,0,No Errors,2.6666666666666665,Neutral,0.0,0.0,0.0,0.0,No Recent Activity,No Recent Activity,No Recent Activity,No Recent Activity,0
411,A-ce66f8,6,High Risk,87.75,dependency stress,6,Medium Errors,1.1666666666666667,Unhappy,1.0,87.75,1.0,0.0,Stable,dependency stress,Low Errors,Extremely Unhappy,0
412,A-417d2f,6,High Risk,74.0,engaged,12,High Errors,2.1666666666666665,Neutral,2.0,74.0,4.0,0.0,Stable,engaged,Low Errors,Extremely Unhappy,0
413,A-117171,6,High Risk,106.40000000000002,dependency stress,18,High Errors,1.8333333333333333,Unhappy,0.0,0.0,0.0,0.0,No Recent Activity,No Recent Activity,No Recent Activity,No Recent Activity,0
414,A-9289f6,6,High Risk,65.55,engaged,0,No Errors,2.1666666666666665,Neutral,1.0,65.55,0.0,5.0,Stable,engaged,No Errors,Very Satisfied,0
415,A-9123ac,6,High Risk,34.85,inconsistent,0,No Errors,3.5,Satisfied,3.0,34.85,0.0,4.0,Elevated,inconsistent,No Errors,Satisfied,0
416,A-94d3da,6,High Risk,29.416666666666668,inconsistent,0,No Errors,2.3333333333333335,Neutral,1.0,29.416666666666668,0.0,3.0,Stable,inconsistent,No Errors,Neutral,0
417,A-3cc791,6,High Risk,144.21666666666667,dependency stress,0,No Errors,2.8333333333333335,Neutral,1.0,144.21666666666667,0.0,3.0,Stable,dependency stress,No Errors,Neutral,0
418,A-9bfc9f,6,High Risk,109.84999999999998,dependency stress,6,Medium Errors,1.6666666666666667,Unhappy,2.0,109.85,2.0,0.0,Stable,dependency stress,Low Errors,Extremely Unhappy,0
419,A-a7bd4b,6,High Risk,116.5,dependency stress,12,High Errors,2.1666666666666665,Neutral,1.0,116.5,2.0,3.0,Stable,dependency stress,Low Errors,Neutral,0
420,A-3932db,6,High Risk,50.54999999999999,stable usage,0,No Errors,2.1666666666666665,Neutral,1.0,50.55,0.0,0.0,Stable,stable usage,No Errors,Extremely Unhappy,0
421,A-39868b,6,High Risk,46.0,stable usage,12,High Errors,2.8333333333333335,Neutral,0.0,0.0,0.0,0.0,No Recent Activity,No Recent Activity,No Recent Activity,No Recent Activity,0
422,A-39b19f,6,High Risk,6.75,disengaged,0,No Errors,2.8333333333333335,Neutral,1.0,6.75,0.0,5.0,Stable,disengaged,No Errors,Very Satisfied,0
423,A-b179bf,6,High Risk,80.3,dependency stress,0,No Errors,0.6666666666666666,Extremely Unhappy,1.0,80.3,0.0,0.0,Stable,dependency stress,No Errors,Extremely Unhappy,0
424,A-a0ca4e,6,High Risk,101.93333333333334,dependency stress,0,No Errors,3.1666666666666665,Satisfied,0.0,0.0,0.0,0.0,No Recent Activity,No Recent Activity,No Recent Activity,No Recent Activity,0
425,A-bc4d48,6,High Risk,56.81666666666667,stable usage,0,No Errors,3.5,Satisfied,3.0,56.81666666666667,0.0,5.0,Elevated,stable usage,No Errors,Very Satisfied,0
426,A-cbbe12,6,High Risk,49.083333333333336,stable usage,0,No Errors,2.8333333333333335,Neutral,1.0,49.083333333333336,0.0,5.0,Stable,stable usage,No Errors,Very Satisfied,0
427,A-b9f5b1,6,High Risk,32.13333333333333,inconsistent,18,High Errors,3.3333333333333335,Satisfied,1.0,32.13333333333333,3.0,4.0,Stable,inconsistent,Low Errors,Satisfied,0
428,A-8145a0,6,High Risk,126.93333333333334,dependency stress,0,No Errors,2.0,Unhappy,1.0,126.93333333333334,0.0,4.0,Stable,dependency stress,No Errors,Satisfied,0
429,A-66224b,6,High Risk,100.46666666666665,dependency stress,0,No Errors,3.5,Satisfied,2.0,100.46666666666667,0.0,4.0,Stable,dependency stress,No Errors,Satisfied,0
430,A-751bd4,6,High Risk,0.5,disengaged,0,No Errors,2.8333333333333335,Neutral,2.0,0.5,0.0,4.5,Stable,disengaged,No Errors,Very Satisfied,0
431,A-f25509,6,High Risk,84.45,dependency stress,6,Medium Errors,2.3333333333333335,Neutral,0.0,0.0,0.0,0.0,No Recent Activity,No Recent Activity,No Recent Activity,No Recent Activity,0
432,A-4437e4,6,High Risk,45.20000000000001,stable usage,0,No Errors,1.0,Extremely Unhappy,2.0,45.2,0.0,1.5,Stable,stable usage,No Errors,Unhappy,0
433,A-0baac2,6,High Risk,32.53333333333333,inconsistent,0,No Errors,2.1666666666666665,Neutral,1.0,32.53333333333333,0.0,5.0,Stable,inconsistent,No Errors,Very Satisfied,0
434,A-fd9422,6,High Risk,2.6666666666666665,disengaged,0,No Errors,3.5,Satisfied,0.0,0.0,0.0,0.0,No Recent Activity,No Recent Activity,No Recent Activity,No Recent Activity,0
435,A-712f1c,6,High Risk,87.96666666666665,dependency stress,0,No Errors,2.6666666666666665,Neutral,0.0,0.0,0.0,0.0,No Recent Activity,No Recent Activity,No Recent Activity,No Recent Activity,0
436,A-8ed5dd,6,High Risk,13.866666666666667,disengaged,0,No Errors,2.5,Neutral,0.0,0.0,0.0,0.0,No Recent Activity,No Recent Activity,No Recent Activity,No Recent Activity,0
437,A-dbc825,6,High Risk,75.53333333333333,engaged,6,Medium Errors,1.3333333333333333,Unhappy,2.0,75.53333333333333,2.0,2.5,Stable,engaged,Low Errors,Neutral,0
438,A-e7beab,6,High Risk,74.98333333333333,engaged,0,No Errors,2.6666666666666665,Neutral,1.0,74.98333333333333,0.0,0.0,Stable,engaged,No Errors,Extremely Unhappy,0
439,A-378b99,6,High Risk,110.09999999999998,dependency stress,0,No Errors,3.0,Neutral,0.0,0.0,0.0,0.0,No Recent Activity,No Recent Activity,No Recent Activity,No Recent Activity,0
440,A-e61e98,6,High Risk,6.283333333333334,disengaged,0,No Errors,3.8333333333333335,Satisfied,1.0,6.283333333333333,0.0,0.0,Stable,disengaged,No Errors,Extremely Unhappy,0
441,A-600734,7,Critical,11.2,disengaged,0,No Errors,1.5714285714285714,Unhappy,1.0,11.2,0.0,0.0,Stable,disengaged,No Errors,Extremely Unhappy,0
442,A-bcbe98,7,Critical,60.0,stable usage,0,No Errors,1.7142857142857142,Unhappy,2.0,60.0,0.0,2.0,Stable,stable usage,No Errors,Unhappy,0
443,A-8b0451,7,Critical,0.7,disengaged,21,Severe Errors,2.0,Unhappy,0.0,0.0,0.0,0.0,No Recent Activity,No Recent Activity,No Recent Activity,No Recent Activity,0
444,A-5a92e7,7,Critical,3.4666666666666663,disengaged,28,Severe Errors,3.142857142857143,Satisfied,1.0,3.466666666666667,4.0,3.0,Stable,disengaged,Low Errors,Neutral,0
445,A-883b7d,7,Critical,21.883333333333333,disengaged,0,No Errors,2.5714285714285716,Neutral,1.0,21.883333333333333,0.0,3.0,Stable,disengaged,No Errors,Neutral,0
446,A-7920cc,7,Critical,41.8,stable usage,0,No Errors,1.8571428571428572,Unhappy,2.0,41.8,0.0,0.0,Stable,stable usage,No Errors,Extremely Unhappy,0
447,A-bc87bc,7,Critical,139.2,dependency stress,0,No Errors,2.142857142857143,Neutral,1.0,139.2,0.0,3.0,Stable,dependency stress,No Errors,Neutral,0
448,A-d922bf,7,Critical,117.36666666666666,dependency stress,0,No Errors,1.4285714285714286,Unhappy,0.0,0.0,0.0,0.0,No Recent Activity,No Recent Activity,No Recent Activity,No Recent Activity,0
449,A-ced9aa,7,Critical,77.91666666666667,engaged,7,Medium Errors,0.42857142857142855,Extremely Unhappy,0.0,0.0,0.0,0.0,No Recent Activity,No Recent Activity,No Recent Activity,No Recent Activity,0
450,A-31ab9a,7,Critical,83.16666666666667,dependency stress,0,No Errors,2.0,Unhappy,1.0,83.16666666666667,0.0,4.0,Stable,dependency stress,No Errors,Satisfied,0
451,A-40a557,7,Critical,41.61666666666667,stable usage,14,High Errors,1.5714285714285714,Unhappy,2.0,41.61666666666667,4.0,2.5,Stable,stable usage,Low Errors,Neutral,0
452,A-ce550d,7,Critical,59.4,stable usage,0,No Errors,2.7142857142857144,Neutral,1.0,59.4,0.0,5.0,Stable,stable usage,No Errors,Very Satisfied,0
453,A-de24d5,7,Critical,19.6,disengaged,0,No Errors,0.8571428571428571,Extremely Unhappy,1.0,19.6,0.0,0.0,Stable,disengaged,No Errors,Extremely Unhappy,0
454,A-44dc83,7,Critical,25.2,inconsistent,0,No Errors,3.2857142857142856,Satisfied,1.0,25.2,0.0,5.0,Stable,inconsistent,No Errors,Very Satisfied,0
455,A-1ac5e0,7,Critical,12.333333333333334,disengaged,0,No Errors,2.7142857142857144,Neutral,1.0,12.333333333333334,0.0,4.0,Stable,disengaged,No Errors,Satisfied,0
456,A-c9bb3e,7,Critical,145.06666666666666,dependency stress,0,No Errors,3.0,Neutral,0.0,0.0,0.0,0.0,No Recent Activity,No Recent Activity,No Recent Activity,No Recent Activity,0
457,A-1f7acb,7,Critical,16.1,disengaged,35,Severe Errors,3.142857142857143,Satisfied,0.0,0.0,0.0,0.0,No Recent Activity,No Recent Activity,No Recent Activity,No Recent Activity,0
458,A-50bb9f,7,Critical,17.2,disengaged,0,No Errors,1.7142857142857142,Unhappy,0.0,0.0,0.0,0.0,No Recent Activity,No Recent Activity,No Recent Activity,No Recent Activity,0
459,A-f97b9a,7,Critical,96.25,dependency stress,0,No Errors,1.5714285714285714,Unhappy,1.0,96.25,0.0,0.0,Stable,dependency stress,No Errors,Extremely Unhappy,0
460,A-f1f639,7,Critical,44.9,stable usage,7,Medium Errors,3.4285714285714284,Satisfied,1.0,44.9,1.0,5.0,Stable,stable usage,Low Errors,Very Satisfied,0
461,A-ffc04f,7,Critical,70.8,engaged,21,Severe Errors,2.5714285714285716,Neutral,0.0,0.0,0.0,0.0,No Recent Activity,No Recent Activity,No Recent Activity,No Recent Activity,0
462,A-0be015,7,Critical,96.25,dependency stress,0,No Errors,3.0,Neutral,1.0,96.25,0.0,0.0,Stable,dependency stress,No Errors,Extremely Unhappy,0
463,A-671f31,7,Critical,23.466666666666665,disengaged,14,High Errors,3.0,Neutral,0.0,0.0,0.0,0.0,No Recent Activity,No Recent Activity,No Recent Activity,No Recent Activity,0
464,A-7cfe77,7,Critical,116.56666666666668,dependency stress,0,No Errors,2.0,Unhappy,1.0,116.56666666666666,0.0,3.0,Stable,dependency stress,No Errors,Neutral,0
465,A-1986ca,7,Critical,59.733333333333334,stable usage,7,Medium Errors,2.4285714285714284,Neutral,1.0,59.733333333333334,1.0,3.0,Stable,stable usage,Low Errors,Neutral,0
466,A-186a44,7,Critical,60.15,engaged,14,High Errors,2.0,Unhappy,0.0,0.0,0.0,0.0,No Recent Activity,No Recent Activity,No Recent Activity,No Recent Activity,0
467,A-17939a,7,Critical,68.0,engaged,0,No Errors,2.5714285714285716,Neutral,0.0,0.0,0.0,0.0,No Recent Activity,No Recent Activity,No Recent Activity,No Recent Activity,0
468,A-e40f45,7,Critical,48.45,stable usage,14,High Errors,1.8571428571428572,Unhappy,0.0,0.0,0.0,0.0,No Recent Activity,No Recent Activity,No Recent Activity,No Recent Activity,0
469,A-f03140,7,Critical,18.666666666666668,disengaged,0,No Errors,1.5714285714285714,Unhappy,0.0,0.0,0.0,0.0,No Recent Activity,No Recent Activity,No Recent Activity,No Recent Activity,0
470,A-7f6b86,7,Critical,12.9,disengaged,0,No Errors,1.5714285714285714,Unhappy,2.0,12.9,0.0,2.0,Stable,disengaged,No Errors,Unhappy,0
471,A-69b156,7,Critical,11.0,disengaged,7,Medium Errors,2.2857142857142856,Neutral,1.0,11.0,1.0,4.0,Stable,disengaged,Low Errors,Satisfied,0
472,A-443b7c,8,Critical,10.45,disengaged,16,High Errors,2.75,Neutral,0.0,0.0,0.0,0.0,No Recent Activity,No Recent Activity,No Recent Activity,No Recent Activity,0
473,A-e4bf56,8,Critical,2.8,disengaged,0,No Errors,2.75,Neutral,0.0,0.0,0.0,0.0,No Recent Activity,No Recent Activity,No Recent Activity,No Recent Activity,0
474,A-fd7ad3,8,Critical,62.85,engaged,0,No Errors,3.125,Satisfied,2.0,62.85,0.0,5.0,Stable,engaged,No Errors,Very Satisfied,0
475,A-f446b6,8,Critical,55.733333333333334,stable usage,8,Medium Errors,2.125,Neutral,1.0,55.733333333333334,1.0,0.0,Stable,stable usage,Low Errors,Extremely Unhappy,0
476,A-0532a9,8,Critical,27.083333333333332,inconsistent,0,No Errors,0.375,Extremely Unhappy,2.0,27.083333333333332,0.0,0.0,Stable,inconsistent,No Errors,Extremely Unhappy,0
477,A-e08cd3,8,Critical,60.266666666666666,engaged,0,No Errors,2.0,Unhappy,0.0,0.0,0.0,0.0,No Recent Activity,No Recent Activity,No Recent Activity,No Recent Activity,0
478,A-65a46c,8,Critical,139.5,dependency stress,16,High Errors,2.5,Neutral,1.0,139.5,2.0,4.0,Stable,dependency stress,Low Errors,Satisfied,0
479,A-149a69,8,Critical,36.75,inconsistent,16,High Errors,2.625,Neutral,3.0,36.75,6.0,3.0,Elevated,inconsistent,Medium Errors,Neutral,0
480,A-0f6450,8,Critical,40.666666666666664,stable usage,0,No Errors,2.875,Neutral,0.0,0.0,0.0,0.0,No Recent Activity,No Recent Activity,No Recent Activity,No Recent Activity,0
481,A-34ea2f,8,Critical,16.683333333333334,disengaged,0,No Errors,2.375,Neutral,1.0,16.683333333333334,0.0,0.0,Stable,disengaged,No Errors,Extremely Unhappy,0
482,A-9208f0,8,Critical,26.85,inconsistent,0,No Errors,1.25,Unhappy,0.0,0.0,0.0,0.0,No Recent Activity,No Recent Activity,No Recent Activity,No Recent Activity,0
483,A-ed510f,9,Severe Critical,3.5999999999999996,disengaged,0,No Errors,1.7777777777777777,Unhappy,1.0,3.6,0.0,4.0,Stable,disengaged,No Errors,Satisfied,0
484,A-503d5a,9,Severe Critical,39.2,inconsistent,27,Severe Errors,1.3333333333333333,Unhappy,2.0,39.2,6.0,2.0,Stable,inconsistent,Medium Errors,Unhappy,0
485,A-dcc3f1,9,Severe Critical,49.2,stable usage,0,No Errors,2.111111111111111,Neutral,0.0,0.0,0.0,0.0,No Recent Activity,No Recent Activity,No Recent Activity,No Recent Activity,0
486,A-c42f1f,9,Severe Critical,44.4,stable usage,9,Medium Errors,2.2222222222222223,Neutral,1.0,44.4,1.0,5.0,Stable,stable usage,Low Errors,Very Satisfied,0
487,A-86902e,9,Severe Critical,62.400000000000006,engaged,18,High Errors,1.5555555555555556,Unhappy,0.0,0.0,0.0,0.0,No Recent Activity,No Recent Activity,No Recent Activity,No Recent Activity,0
488,A-e98302,9,Severe Critical,36.0,inconsistent,0,No Errors,3.2222222222222223,Satisfied,1.0,36.0,0.0,4.0,Stable,inconsistent,No Errors,Satisfied,0
489,A-139c3b,9,Severe Critical,10.333333333333334,disengaged,9,Medium Errors,2.0,Unhappy,1.0,10.333333333333334,1.0,0.0,Stable,disengaged,Low Errors,Extremely Unhappy,0
490,A-3ce5b8,10,Severe Critical,100.6,dependency stress,0,No Errors,2.6,Neutral,2.0,100.6,0.0,3.0,Stable,dependency stress,No Errors,Neutral,0
491,A-bb3bd4,11,Severe Critical,74.61666666666666,engaged,0,No Errors,2.6363636363636362,Neutral,3.0,74.61666666666666,0.0,4.333333333333333,Elevated,engaged,No Errors,Very Satisfied,0
