,churn_event_id,account_id,churn_date,reason_code,refund_amount_usd,preceding_upgrade_flag,preceding_downgrade_flag,is_reactivation,feedback_text,subscription_id,start_date,end_date,plan_tier,seats,mrr_amount,arr_amount,is_trial,upgrade_flag,downgrade_flag,churn_flag,billing_frequency,auto_renew_flag,usage_id,usage_date,feature_name,usage_count,usage_duration_secs,error_count_x,is_beta_feature,usage_duration_min_x,ticket_id,submitted_at,closed_at,resolution_time_hours,priority,first_response_time_minutes,satisfaction_score_x,escalation_flag,ticket_month,ticket_count,ticket_bucket,satisfaction_score_y,satisfaction_bucket,usage_duration_min_y,usage_bucket,error_count_y,error_bucket,ticket_month_int,churn_month_int,months_before_churn
10,C-2e2966,A-526d93,2024-07-10,features,34.4,True,False,False,none,S-c2a14b,2024-11-08,2024-11-10,Enterprise,43,8557,102684,False,False,False,True,annual,False,U-bf7da4,2023-01-07,feature_21,9,2322,0,False,38.7,T-f660fd,2024-02-21,2024-02-23 15:00:00,63.0,urgent,161,0.0,False,2024-02,5,High Risk,1.4,Unhappy,38.7,inconsistent,0,No Errors,649,654,-5
11,C-2e2966,A-526d93,2024-07-10,features,34.4,True,False,False,none,S-c2a14b,2024-11-08,2024-11-10,Enterprise,43,8557,102684,False,False,False,True,annual,False,U-bf7da4,2023-01-07,feature_21,9,2322,0,False,38.7,T-2422ea,2024-04-14,2024-04-16 15:00:00,63.0,high,49,4.0,False,2024-04,5,High Risk,1.4,Unhappy,38.7,inconsistent,0,No Errors,651,654,-3
12,C-2e2966,A-526d93,2024-07-10,features,34.4,True,False,False,none,S-c2a14b,2024-11-08,2024-11-10,Enterprise,43,8557,102684,False,False,False,True,annual,False,U-bf7da4,2023-01-07,feature_21,9,2322,0,False,38.7,T-fbe6c4,2023-10-26,2023-10-29 00:00:00,72.0,high,148,3.0,True,2023-10,5,High Risk,1.4,Unhappy,38.7,inconsistent,0,No Errors,645,654,-9
17,C-bb3556,A-bcf664,2024-08-08,competitor,0.0,False,False,False,none,S-4ed473,2023-11-20,2023-12-06,Enterprise,12,2388,28656,False,False,False,True,annual,True,U-b3f9c0,2024-11-08,feature_1,15,4515,0,False,75.25,T-b1d1d0,2023-08-13,2023-08-14 01:00:00,25.0,urgent,128,3.0,False,2023-08,5,High Risk,2.4,Neutral,75.25,engaged,0,No Errors,643,655,-12
18,C-bb3556,A-bcf664,2024-08-08,competitor,0.0,False,False,False,none,S-4ed473,2023-11-20,2023-12-06,Enterprise,12,2388,28656,False,False,False,True,annual,True,U-b3f9c0,2024-11-08,feature_1,15,4515,0,False,75.25,T-1cea26,2023-12-18,2023-12-20 21:00:00,69.0,high,169,5.0,True,2023-12,5,High Risk,2.4,Neutral,75.25,engaged,0,No Errors,647,655,-8
21,C-bb3556,A-bcf664,2024-08-08,competitor,0.0,False,False,False,none,S-4ed473,2023-11-20,2023-12-06,Enterprise,12,2388,28656,False,False,False,True,annual,True,U-b3f9c0,2024-11-08,feature_1,15,4515,0,False,75.25,T-fa3300,2024-07-03,2024-07-06 00:00:00,72.0,low,80,0.0,False,2024-07,5,High Risk,2.4,Neutral,75.25,engaged,0,No Errors,654,655,-1
27,C-875dc5,A-b9f5b1,2023-07-21,features,0.0,False,False,False,switched to competitor,S-b22602,2024-05-04,2024-09-29,Enterprise,39,0,0,True,False,False,True,annual,True,U-def0bc,2023-04-25,feature_34,11,2145,0,False,35.75,T-2fa50a,2023-02-10,2023-02-11 13:00:00,37.0,medium,17,4.0,False,2023-02,6,High Risk,3.3333333333333335,Satisfied,35.75,inconsistent,0,No Errors,637,642,-5
29,C-865f19,A-c9bb3e,2024-07-29,pricing,0.0,False,False,False,switched to competitor,S-765a5f,2024-04-01,2024-04-02,Pro,35,1715,20580,False,False,False,True,annual,True,U-0a89a2,2024-01-12,feature_4,14,8386,0,False,139.76666666666668,T-e41843,2023-07-22,2023-07-23 06:00:00,30.0,high,119,4.0,False,2023-07,7,Critical,3.0,Neutral,139.76666666666668,dependency stress,0,No Errors,642,654,-12
31,C-865f19,A-c9bb3e,2024-07-29,pricing,0.0,False,False,False,switched to competitor,S-765a5f,2024-04-01,2024-04-02,Pro,35,1715,20580,False,False,False,True,annual,True,U-0a89a2,2024-01-12,feature_4,14,8386,0,False,139.76666666666668,T-20d400,2023-10-14,2023-10-15 11:00:00,35.0,high,169,0.0,False,2023-10,7,Critical,3.0,Neutral,139.76666666666668,dependency stress,0,No Errors,645,654,-9
32,C-865f19,A-c9bb3e,2024-07-29,pricing,0.0,False,False,False,switched to competitor,S-765a5f,2024-04-01,2024-04-02,Pro,35,1715,20580,False,False,False,True,annual,True,U-0a89a2,2024-01-12,feature_4,14,8386,0,False,139.76666666666668,T-411de2,2023-09-27,2023-09-29 21:00:00,69.0,low,7,5.0,False,2023-09,7,Critical,3.0,Neutral,139.76666666666668,dependency stress,0,No Errors,644,654,-10
33,C-865f19,A-c9bb3e,2024-07-29,pricing,0.0,False,False,False,switched to competitor,S-765a5f,2024-04-01,2024-04-02,Pro,35,1715,20580,False,False,False,True,annual,True,U-0a89a2,2024-01-12,feature_4,14,8386,0,False,139.76666666666668,T-88aac2,2023-12-09,2023-12-10 05:00:00,29.0,urgent,161,4.0,False,2023-12,7,Critical,3.0,Neutral,139.76666666666668,dependency stress,0,No Errors,647,654,-7
35,C-102614,A-96e141,2024-07-22,budget,43.53,False,False,False,too expensive,S-a7ea10,2024-08-05,2024-08-17,Basic,15,285,3420,False,False,False,True,annual,True,U-51cae8,2023-12-20,feature_31,8,1096,0,False,18.266666666666666,T-f39a06,2024-03-07,2024-03-09 22:00:00,70.0,medium,58,0.0,False,2024-03,5,High Risk,2.6,Neutral,18.266666666666666,disengaged,0,No Errors,650,654,-4
36,C-102614,A-96e141,2024-07-22,budget,43.53,False,False,False,too expensive,S-a7ea10,2024-08-05,2024-08-17,Basic,15,285,3420,False,False,False,True,annual,True,U-51cae8,2023-12-20,feature_31,8,1096,0,False,18.266666666666666,T-2708ab,2023-11-07,2023-11-07 08:00:00,8.0,medium,42,4.0,False,2023-11,5,High Risk,2.6,Neutral,18.266666666666666,disengaged,0,No Errors,646,654,-8
38,C-102614,A-96e141,2024-07-22,budget,43.53,False,False,False,too expensive,S-a7ea10,2024-08-05,2024-08-17,Basic,15,285,3420,False,False,False,True,annual,True,U-51cae8,2023-12-20,feature_31,8,1096,0,False,18.266666666666666,T-702e0f,2024-01-26,2024-01-27 22:00:00,46.0,high,17,4.0,False,2024-01,5,High Risk,2.6,Neutral,18.266666666666666,disengaged,0,No Errors,648,654,-6
39,C-102614,A-96e141,2024-07-22,budget,43.53,False,False,False,too expensive,S-a7ea10,2024-08-05,2024-08-17,Basic,15,285,3420,False,False,False,True,annual,True,U-51cae8,2023-12-20,feature_31,8,1096,0,False,18.266666666666666,T-0111f8,2024-04-15,2024-04-15 23:00:00,23.0,high,95,5.0,False,2024-04,5,High Risk,2.6,Neutral,18.266666666666666,disengaged,0,No Errors,651,654,-3
58,C-935f48,A-34ea2f,2024-10-05,unknown,0.0,True,False,False,none,S-1f5faf,2024-10-03,2024-12-20,Enterprise,8,0,0,True,False,False,True,monthly,False,U-993e5e,2024-06-17,feature_20,10,4050,0,False,67.5,T-041287,2024-07-15,2024-07-17 22:00:00,70.0,urgent,19,4.0,False,2024-07,8,Critical,2.375,Neutral,67.5,engaged,0,No Errors,654,657,-3
59,C-935f48,A-34ea2f,2024-10-05,unknown,0.0,True,False,False,none,S-1f5faf,2024-10-03,2024-12-20,Enterprise,8,0,0,True,False,False,True,monthly,False,U-993e5e,2024-06-17,feature_20,10,4050,0,False,67.5,T-30fb5e,2023-12-20,2023-12-20 11:00:00,11.0,low,158,3.0,False,2023-12,8,Critical,2.375,Neutral,67.5,engaged,0,No Errors,647,657,-10
60,C-935f48,A-34ea2f,2024-10-05,unknown,0.0,True,False,False,none,S-1f5faf,2024-10-03,2024-12-20,Enterprise,8,0,0,True,False,False,True,monthly,False,U-993e5e,2024-06-17,feature_20,10,4050,0,False,67.5,T-b88fe0,2023-11-08,2023-11-08 07:00:00,7.0,medium,42,0.0,False,2023-11,8,Critical,2.375,Neutral,67.5,engaged,0,No Errors,646,657,-11
61,C-935f48,A-34ea2f,2024-10-05,unknown,0.0,True,False,False,none,S-1f5faf,2024-10-03,2024-12-20,Enterprise,8,0,0,True,False,False,True,monthly,False,U-993e5e,2024-06-17,feature_20,10,4050,0,False,67.5,T-e112be,2023-11-03,2023-11-04 16:00:00,40.0,urgent,74,4.0,False,2023-11,8,Critical,2.375,Neutral,67.5,engaged,0,No Errors,646,657,-11
65,C-935f48,A-34ea2f,2024-10-05,unknown,0.0,True,False,False,none,S-1f5faf,2024-10-03,2024-12-20,Enterprise,8,0,0,True,False,False,True,monthly,False,U-993e5e,2024-06-17,feature_20,10,4050,0,False,67.5,T-9d29d0,2023-12-30,2023-12-31 21:00:00,45.0,low,60,0.0,False,2023-12,8,Critical,2.375,Neutral,67.5,engaged,0,No Errors,647,657,-10
66,C-366a49,A-0baac2,2024-12-24,unknown,68.65,False,False,False,switched to competitor,S-33df6f,2024-12-11,2024-12-12,Enterprise,14,2786,33432,False,False,False,True,monthly,True,U-5f01de,2024-10-31,feature_40,7,483,1,False,8.05,T-d9cb01,2024-03-23,2024-03-25 10:00:00,58.0,urgent,104,0.0,False,2024-03,6,High Risk,2.1666666666666665,Neutral,8.05,disengaged,6,Medium Errors,650,659,-9
67,C-366a49,A-0baac2,2024-12-24,unknown,68.65,False,False,False,switched to competitor,S-33df6f,2024-12-11,2024-12-12,Enterprise,14,2786,33432,False,False,False,True,monthly,True,U-5f01de,2024-10-31,feature_40,7,483,1,False,8.05,T-48a7e1,2024-06-30,2024-07-01 20:00:00,44.0,low,79,0.0,False,2024-06,6,High Risk,2.1666666666666665,Neutral,8.05,disengaged,6,Medium Errors,653,659,-6
68,C-366a49,A-0baac2,2024-12-24,unknown,68.65,False,False,False,switched to competitor,S-33df6f,2024-12-11,2024-12-12,Enterprise,14,2786,33432,False,False,False,True,monthly,True,U-5f01de,2024-10-31,feature_40,7,483,1,False,8.05,T-ebb149,2024-09-14,2024-09-15 16:00:00,40.0,high,154,5.0,False,2024-09,6,High Risk,2.1666666666666665,Neutral,8.05,disengaged,6,Medium Errors,656,659,-3
69,C-366a49,A-0baac2,2024-12-24,unknown,68.65,False,False,False,switched to competitor,S-33df6f,2024-12-11,2024-12-12,Enterprise,14,2786,33432,False,False,False,True,monthly,True,U-5f01de,2024-10-31,feature_40,7,483,1,False,8.05,T-0c9c88,2024-07-10,2024-07-12 05:00:00,53.0,high,89,5.0,False,2024-07,6,High Risk,2.1666666666666665,Neutral,8.05,disengaged,6,Medium Errors,654,659,-5
70,C-366a49,A-0baac2,2024-12-24,unknown,68.65,False,False,False,switched to competitor,S-33df6f,2024-12-11,2024-12-12,Enterprise,14,2786,33432,False,False,False,True,monthly,True,U-5f01de,2024-10-31,feature_40,7,483,1,False,8.05,T-7a95e0,2023-12-16,2023-12-16 07:00:00,7.0,low,54,0.0,False,2023-12,6,High Risk,2.1666666666666665,Neutral,8.05,disengaged,6,Medium Errors,647,659,-12
71,C-366a49,A-0baac2,2024-12-24,unknown,68.65,False,False,False,switched to competitor,S-33df6f,2024-12-11,2024-12-12,Enterprise,14,2786,33432,False,False,False,True,monthly,True,U-5f01de,2024-10-31,feature_40,7,483,1,False,8.05,T-c248c0,2024-06-05,2024-06-07 11:00:00,59.0,high,54,3.0,False,2024-06,6,High Risk,2.1666666666666665,Neutral,8.05,disengaged,6,Medium Errors,653,659,-6
81,C-f72425,A-32fb14,2023-08-19,budget,0.0,False,False,False,switched to competitor,S-5ed35a,2024-03-16,2024-04-21,Basic,47,893,10716,False,False,False,True,monthly,True,U-ce7037,2024-05-25,feature_31,4,1200,0,False,20.0,T-c6dcaf,2023-03-18,2023-03-20 15:00:00,63.0,low,24,0.0,False,2023-03,5,High Risk,1.8,Unhappy,20.0,disengaged,0,No Errors,638,643,-5
95,C-2698c2,A-9208f0,2023-11-18,features,0.0,False,False,False,switched to competitor,S-15a058,2023-09-29,2024-04-03,Pro,2,98,1176,False,False,False,True,monthly,True,U-146e07,2023-08-09,feature_14,10,150,1,False,2.5,T-00fa83,2023-04-01,2023-04-03 22:00:00,70.0,low,6,0.0,False,2023-04,8,Critical,1.25,Unhappy,2.5,disengaged,8,Medium Errors,639,646,-7
96,C-2698c2,A-9208f0,2023-11-18,features,0.0,False,False,False,switched to competitor,S-15a058,2023-09-29,2024-04-03,Pro,2,98,1176,False,False,False,True,monthly,True,U-146e07,2023-08-09,feature_14,10,150,1,False,2.5,T-6ec2a9,2023-06-21,2023-06-23 22:00:00,70.0,low,3,0.0,False,2023-06,8,Critical,1.25,Unhappy,2.5,disengaged,8,Medium Errors,641,646,-5
97,C-2698c2,A-9208f0,2023-11-18,features,0.0,False,False,False,switched to competitor,S-15a058,2023-09-29,2024-04-03,Pro,2,98,1176,False,False,False,True,monthly,True,U-146e07,2023-08-09,feature_14,10,150,1,False,2.5,T-b78a44,2023-09-27,2023-09-28 08:00:00,32.0,medium,103,4.0,False,2023-09,8,Critical,1.25,Unhappy,2.5,disengaged,8,Medium Errors,644,646,-2
99,C-2698c2,A-9208f0,2023-11-18,features,0.0,False,False,False,switched to competitor,S-15a058,2023-09-29,2024-04-03,Pro,2,98,1176,False,False,False,True,monthly,True,U-146e07,2023-08-09,feature_14,10,150,1,False,2.5,T-095fc4,2023-03-01,2023-03-02 16:00:00,40.0,urgent,100,0.0,False,2023-03,8,Critical,1.25,Unhappy,2.5,disengaged,8,Medium Errors,638,646,-8
100,C-2698c2,A-9208f0,2023-11-18,features,0.0,False,False,False,switched to competitor,S-15a058,2023-09-29,2024-04-03,Pro,2,98,1176,False,False,False,True,monthly,True,U-146e07,2023-08-09,feature_14,10,150,1,False,2.5,T-0a9b1f,2023-01-27,2023-01-27 19:00:00,19.0,medium,166,0.0,True,2023-01,8,Critical,1.25,Unhappy,2.5,disengaged,8,Medium Errors,636,646,-10
101,C-2698c2,A-9208f0,2023-11-18,features,0.0,False,False,False,switched to competitor,S-15a058,2023-09-29,2024-04-03,Pro,2,98,1176,False,False,False,True,monthly,True,U-146e07,2023-08-09,feature_14,10,150,1,False,2.5,T-c83359,2023-07-17,2023-07-17 20:00:00,20.0,low,25,3.0,False,2023-07,8,Critical,1.25,Unhappy,2.5,disengaged,8,Medium Errors,642,646,-4
102,C-2698c2,A-9208f0,2023-11-18,features,0.0,False,False,False,switched to competitor,S-15a058,2023-09-29,2024-04-03,Pro,2,98,1176,False,False,False,True,monthly,True,U-146e07,2023-08-09,feature_14,10,150,1,False,2.5,T-a0d060,2023-01-04,2023-01-04 12:00:00,12.0,low,18,0.0,False,2023-01,8,Critical,1.25,Unhappy,2.5,disengaged,8,Medium Errors,636,646,-10
106,C-48906a,A-5a92e7,2024-11-11,budget,0.0,True,False,False,missing features,S-7b3fd3,2024-07-08,2024-10-15,Enterprise,4,796,9552,False,False,False,True,annual,True,U-f5fbf7,2024-07-10,feature_39,9,1701,1,False,28.35,T-c895a0,2024-10-10,2024-10-10 22:00:00,22.0,medium,3,3.0,False,2024-10,7,Critical,3.142857142857143,Satisfied,28.35,inconsistent,7,Medium Errors,657,658,-1
109,C-48906a,A-5a92e7,2024-11-11,budget,0.0,True,False,False,missing features,S-7b3fd3,2024-07-08,2024-10-15,Enterprise,4,796,9552,False,False,False,True,annual,True,U-f5fbf7,2024-07-10,feature_39,9,1701,1,False,28.35,T-5cfb64,2024-08-15,2024-08-17 21:00:00,69.0,low,136,0.0,False,2024-08,7,Critical,3.142857142857143,Satisfied,28.35,inconsistent,7,Medium Errors,655,658,-3
120,C-859615,A-8e47ca,2024-06-01,competitor,0.0,False,False,False,missing features,S-93dc0e,2024-11-03,2024-12-09,Enterprise,25,4975,59700,False,False,False,True,monthly,True,U-e84434,2024-11-12,feature_13,14,7756,0,False,129.26666666666668,T-2651ec,2024-02-18,2024-02-18 10:00:00,10.0,high,21,0.0,False,2024-02,5,High Risk,1.6,Unhappy,129.26666666666668,dependency stress,0,No Errors,649,653,-4
122,C-859615,A-8e47ca,2024-06-01,competitor,0.0,False,False,False,missing features,S-93dc0e,2024-11-03,2024-12-09,Enterprise,25,4975,59700,False,False,False,True,monthly,True,U-e84434,2024-11-12,feature_13,14,7756,0,False,129.26666666666668,T-8639ca,2023-09-30,2023-10-03 00:00:00,72.0,medium,145,5.0,True,2023-09,5,High Risk,1.6,Unhappy,129.26666666666668,dependency stress,0,No Errors,644,653,-9
132,C-7cace4,A-484819,2023-12-29,support,0.0,False,False,False,none,S-5228d6,2024-05-30,2024-08-05,Enterprise,26,5174,62088,False,True,False,True,annual,False,U-03dd45,2024-03-14,feature_7,14,4928,0,False,82.13333333333334,T-0217dd,2023-02-05,2023-02-05 19:00:00,19.0,urgent,78,5.0,False,2023-02,5,High Risk,1.8,Unhappy,82.13333333333334,dependency stress,0,No Errors,637,647,-10
140,C-0ba0a0,A-22d9d2,2024-10-17,pricing,0.0,False,False,False,none,S-142456,2024-04-30,2024-09-06,Basic,10,0,0,True,False,False,True,annual,True,U-fc6e24,2024-04-18,feature_5,9,2808,0,False,46.8,T-7fd978,2023-12-26,2023-12-26 10:00:00,10.0,urgent,8,0.0,False,2023-12,6,High Risk,2.6666666666666665,Neutral,46.79999999999999,stable usage,0,No Errors,647,657,-10
141,C-0ba0a0,A-22d9d2,2024-10-17,pricing,0.0,False,False,False,none,S-142456,2024-04-30,2024-09-06,Basic,10,0,0,True,False,False,True,annual,True,U-fc6e24,2024-04-18,feature_5,9,2808,0,False,46.8,T-9f48ae,2024-01-22,2024-01-22 19:00:00,19.0,medium,87,5.0,False,2024-01,6,High Risk,2.6666666666666665,Neutral,46.79999999999999,stable usage,0,No Errors,648,657,-9
142,C-0ba0a0,A-22d9d2,2024-10-17,pricing,0.0,False,False,False,none,S-142456,2024-04-30,2024-09-06,Basic,10,0,0,True,False,False,True,annual,True,U-fc6e24,2024-04-18,feature_5,9,2808,0,False,46.8,T-ca352f,2024-04-24,2024-04-25 07:00:00,31.0,high,140,4.0,False,2024-04,6,High Risk,2.6666666666666665,Neutral,46.79999999999999,stable usage,0,No Errors,651,657,-6
143,C-0ba0a0,A-22d9d2,2024-10-17,pricing,0.0,False,False,False,none,S-142456,2024-04-30,2024-09-06,Basic,10,0,0,True,False,False,True,annual,True,U-fc6e24,2024-04-18,feature_5,9,2808,0,False,46.8,T-04dbe2,2024-07-16,2024-07-16 14:00:00,14.0,urgent,25,0.0,False,2024-07,6,High Risk,2.6666666666666665,Neutral,46.79999999999999,stable usage,0,No Errors,654,657,-3
164,C-a54597,A-9f9299,2024-03-24,features,0.0,False,False,False,missing features,S-93fab3,2024-11-10,2024-12-31,Pro,28,1372,16464,False,False,False,True,annual,True,U-015511,2023-03-16,feature_40,13,585,0,False,9.75,T-08e86b,2023-10-05,2023-10-05 03:00:00,3.0,urgent,160,0.0,False,2023-10,5,High Risk,1.0,Extremely Unhappy,9.75,disengaged,0,No Errors,645,650,-5
165,C-a54597,A-9f9299,2024-03-24,features,0.0,False,False,False,missing features,S-93fab3,2024-11-10,2024-12-31,Pro,28,1372,16464,False,False,False,True,annual,True,U-015511,2023-03-16,feature_40,13,585,0,False,9.75,T-bc6799,2023-04-12,2023-04-14 23:00:00,71.0,medium,146,0.0,False,2023-04,5,High Risk,1.0,Extremely Unhappy,9.75,disengaged,0,No Errors,639,650,-11
168,C-7ab794,A-ef84cf,2024-11-20,support,0.0,False,False,False,too expensive,S-9333c5,2024-06-06,2024-08-13,Basic,8,152,1824,False,False,False,True,annual,False,U-dbc2c2,2023-02-25,feature_23,17,5950,0,False,99.16666666666667,T-b8e4c5,2023-11-03,2023-11-04 10:00:00,34.0,low,98,0.0,False,2023-11,5,High Risk,2.6,Neutral,99.16666666666667,dependency stress,0,No Errors,646,658,-12
171,C-7ab794,A-ef84cf,2024-11-20,support,0.0,False,False,False,too expensive,S-9333c5,2024-06-06,2024-08-13,Basic,8,152,1824,False,False,False,True,annual,False,U-dbc2c2,2023-02-25,feature_23,17,5950,0,False,99.16666666666667,T-f09f22,2024-10-27,2024-10-29 14:00:00,62.0,urgent,54,5.0,False,2024-10,5,High Risk,2.6,Neutral,99.16666666666667,dependency stress,0,No Errors,657,658,-1
172,C-7ab794,A-ef84cf,2024-11-20,support,0.0,False,False,False,too expensive,S-9333c5,2024-06-06,2024-08-13,Basic,8,152,1824,False,False,False,True,annual,False,U-dbc2c2,2023-02-25,feature_23,17,5950,0,False,99.16666666666667,T-0d73d3,2024-03-11,2024-03-13 11:00:00,59.0,low,143,0.0,False,2024-03,5,High Risk,2.6,Neutral,99.16666666666667,dependency stress,0,No Errors,650,658,-8
188,C-108b2a,A-e08cd3,2024-09-21,competitor,0.0,False,False,False,switched to competitor,S-02be35,2024-10-01,2024-12-21,Pro,67,3283,39396,False,False,False,True,monthly,True,U-bc0b32,2023-03-26,feature_12,16,3632,0,False,60.53333333333333,T-051e5b,2023-09-20,2023-09-20 11:00:00,11.0,urgent,59,5.0,False,2023-09,8,Critical,2.0,Unhappy,60.53333333333333,engaged,0,No Errors,644,656,-12
192,C-108b2a,A-e08cd3,2024-09-21,competitor,0.0,False,False,False,switched to competitor,S-02be35,2024-10-01,2024-12-21,Pro,67,3283,39396,False,False,False,True,monthly,True,U-bc0b32,2023-03-26,feature_12,16,3632,0,False,60.53333333333333,T-b68fa5,2023-10-13,2023-10-13 11:00:00,11.0,medium,101,0.0,False,2023-10,8,Critical,2.0,Unhappy,60.53333333333333,engaged,0,No Errors,645,656,-11
193,C-108b2a,A-e08cd3,2024-09-21,competitor,0.0,False,False,False,switched to competitor,S-02be35,2024-10-01,2024-12-21,Pro,67,3283,39396,False,False,False,True,monthly,True,U-bc0b32,2023-03-26,feature_12,16,3632,0,False,60.53333333333333,T-fb59aa,2024-04-29,2024-04-29 14:00:00,14.0,high,96,0.0,False,2024-04,8,Critical,2.0,Unhappy,60.53333333333333,engaged,0,No Errors,651,656,-5
195,C-108b2a,A-e08cd3,2024-09-21,competitor,0.0,False,False,False,switched to competitor,S-02be35,2024-10-01,2024-12-21,Pro,67,3283,39396,False,False,False,True,monthly,True,U-bc0b32,2023-03-26,feature_12,16,3632,0,False,60.53333333333333,T-0afa9f,2023-11-02,2023-11-03 17:00:00,41.0,low,79,0.0,False,2023-11,8,Critical,2.0,Unhappy,60.53333333333333,engaged,0,No Errors,646,656,-10
210,C-f24343,A-425e76,2023-09-03,budget,0.0,False,False,True,missing features,S-b45bc6,2023-08-18,2023-11-01,Enterprise,32,6368,76416,False,False,False,True,monthly,True,U-f3314f,2024-05-16,feature_36,9,414,1,False,6.9,T-f925c6,2023-02-14,2023-02-14 16:00:00,16.0,high,162,4.0,True,2023-02,5,High Risk,2.0,Unhappy,6.9,disengaged,5,Low Errors,637,644,-7
235,C-b8127e,A-d792a6,2024-08-13,support,0.0,False,False,False,missing features,S-28d401,2023-09-03,2024-03-04,Basic,5,95,1140,False,False,False,True,annual,True,U-0cd944,2023-12-04,feature_24,10,2310,2,False,38.5,T-a45f3e,2024-02-11,2024-02-12 21:00:00,45.0,urgent,174,4.0,False,2024-02,5,High Risk,1.6,Unhappy,38.5,inconsistent,10,Medium Errors,649,655,-6
237,C-b8127e,A-d792a6,2024-08-13,support,0.0,False,False,False,missing features,S-28d401,2023-09-03,2024-03-04,Basic,5,95,1140,False,False,False,True,annual,True,U-0cd944,2023-12-04,feature_24,10,2310,2,False,38.5,T-7a5dca,2023-11-02,2023-11-04 19:00:00,67.0,high,28,0.0,False,2023-11,5,High Risk,1.6,Unhappy,38.5,inconsistent,10,Medium Errors,646,655,-9
257,C-a4f797,A-cd458b,2024-11-07,budget,0.0,False,False,False,switched to competitor,S-b53850,2024-08-18,2024-09-14,Basic,29,551,6612,False,False,False,True,annual,True,U-74ecd2,2023-10-03,feature_23,10,4430,0,False,73.83333333333333,T-29abed,2024-03-28,2024-03-30 02:00:00,50.0,urgent,39,5.0,False,2024-03,5,High Risk,4.6,Very Satisfied,73.83333333333333,engaged,0,No Errors,650,658,-8
260,C-a4f797,A-cd458b,2024-11-07,budget,0.0,False,False,False,switched to competitor,S-b53850,2024-08-18,2024-09-14,Basic,29,551,6612,False,False,False,True,annual,True,U-74ecd2,2023-10-03,feature_23,10,4430,0,False,73.83333333333333,T-bb236d,2024-06-25,2024-06-26 21:00:00,45.0,urgent,61,5.0,False,2024-06,5,High Risk,4.6,Very Satisfied,73.83333333333333,engaged,0,No Errors,653,658,-5
261,C-a4f797,A-cd458b,2024-11-07,budget,0.0,False,False,False,switched to competitor,S-b53850,2024-08-18,2024-09-14,Basic,29,551,6612,False,False,False,True,annual,True,U-74ecd2,2023-10-03,feature_23,10,4430,0,False,73.83333333333333,T-6086c6,2024-09-08,2024-09-08 02:00:00,2.0,urgent,84,5.0,False,2024-09,5,High Risk,4.6,Very Satisfied,73.83333333333333,engaged,0,No Errors,656,658,-2
269,C-1a5a14,A-104f1a,2024-09-06,support,0.0,False,False,False,too expensive,S-59f0a6,2024-09-02,2024-11-28,Pro,123,6027,72324,False,False,False,True,monthly,False,U-6cb80c,2024-01-13,feature_20,7,1204,0,False,20.066666666666666,T-7772d1,2024-03-26,2024-03-28 08:00:00,56.0,low,40,4.0,False,2024-03,5,High Risk,3.0,Neutral,20.066666666666666,disengaged,0,No Errors,650,656,-6
272,C-1a5a14,A-104f1a,2024-09-06,support,0.0,False,False,False,too expensive,S-59f0a6,2024-09-02,2024-11-28,Pro,123,6027,72324,False,False,False,True,monthly,False,U-6cb80c,2024-01-13,feature_20,7,1204,0,False,20.066666666666666,T-964182,2024-04-08,2024-04-08 11:00:00,11.0,medium,19,3.0,True,2024-04,5,High Risk,3.0,Neutral,20.066666666666666,disengaged,0,No Errors,651,656,-5
273,C-6c63bc,A-2e3bad,2024-03-30,features,0.0,False,False,False,missing features,S-3bd427,2024-12-04,2024-12-27,Basic,61,1159,13908,False,False,False,True,monthly,True,U-db36b3,2023-09-25,feature_23,13,1716,0,False,28.6,T-9876fb,2024-01-18,2024-01-18 14:00:00,14.0,high,92,0.0,False,2024-01,5,High Risk,1.4,Unhappy,28.6,inconsistent,0,No Errors,648,650,-2
275,C-6c63bc,A-2e3bad,2024-03-30,features,0.0,False,False,False,missing features,S-3bd427,2024-12-04,2024-12-27,Basic,61,1159,13908,False,False,False,True,monthly,True,U-db36b3,2023-09-25,feature_23,13,1716,0,False,28.6,T-56fa73,2023-05-03,2023-05-05 23:00:00,71.0,low,49,4.0,False,2023-05,5,High Risk,1.4,Unhappy,28.6,inconsistent,0,No Errors,640,650,-10
276,C-6c63bc,A-2e3bad,2024-03-30,features,0.0,False,False,False,missing features,S-3bd427,2024-12-04,2024-12-27,Basic,61,1159,13908,False,False,False,True,monthly,True,U-db36b3,2023-09-25,feature_23,13,1716,0,False,28.6,T-42efc2,2024-01-08,2024-01-08 23:00:00,23.0,high,159,0.0,False,2024-01,5,High Risk,1.4,Unhappy,28.6,inconsistent,0,No Errors,648,650,-2
305,C-a761a8,A-50bb9f,2024-09-12,unknown,0.0,False,True,True,too expensive,S-c2701b,2024-12-24,2024-12-24,Pro,36,1764,21168,False,False,False,True,monthly,False,U-511fa2,2023-11-26,feature_23,13,6357,1,False,105.95,T-b17401,2024-02-21,2024-02-21 12:00:00,12.0,high,171,3.0,False,2024-02,7,Critical,1.7142857142857142,Unhappy,105.95,dependency stress,7,Medium Errors,649,656,-7
310,C-a761a8,A-50bb9f,2024-09-12,unknown,0.0,False,True,True,too expensive,S-c2701b,2024-12-24,2024-12-24,Pro,36,1764,21168,False,False,False,True,monthly,False,U-511fa2,2023-11-26,feature_23,13,6357,1,False,105.95,T-c779b5,2024-08-14,2024-08-15 23:00:00,47.0,urgent,33,0.0,False,2024-08,7,Critical,1.7142857142857142,Unhappy,105.95,dependency stress,7,Medium Errors,655,656,-1
311,C-a761a8,A-50bb9f,2024-09-12,unknown,0.0,False,True,True,too expensive,S-c2701b,2024-12-24,2024-12-24,Pro,36,1764,21168,False,False,False,True,monthly,False,U-511fa2,2023-11-26,feature_23,13,6357,1,False,105.95,T-a1823c,2024-08-17,2024-08-19 08:00:00,56.0,urgent,25,0.0,False,2024-08,7,Critical,1.7142857142857142,Unhappy,105.95,dependency stress,7,Medium Errors,655,656,-1
318,C-3db212,A-e40f45,2024-11-09,budget,101.23,False,False,False,missing features,S-326691,2024-11-24,2024-12-22,Basic,21,399,4788,False,False,False,True,monthly,False,U-3a00cf,2023-03-07,feature_19,8,3232,4,False,53.86666666666667,T-1ba73b,2023-11-20,2023-11-20 03:00:00,3.0,medium,75,3.0,False,2023-11,7,Critical,1.8571428571428572,Unhappy,53.86666666666667,stable usage,28,Severe Errors,646,658,-12
320,C-3db212,A-e40f45,2024-11-09,budget,101.23,False,False,False,missing features,S-326691,2024-11-24,2024-12-22,Basic,21,399,4788,False,False,False,True,monthly,False,U-3a00cf,2023-03-07,feature_19,8,3232,4,False,53.86666666666667,T-37b3f3,2024-02-26,2024-02-26 21:00:00,21.0,high,132,5.0,False,2024-02,7,Critical,1.8571428571428572,Unhappy,53.86666666666667,stable usage,28,Severe Errors,649,658,-9
321,C-3db212,A-e40f45,2024-11-09,budget,101.23,False,False,False,missing features,S-326691,2024-11-24,2024-12-22,Basic,21,399,4788,False,False,False,True,monthly,False,U-3a00cf,2023-03-07,feature_19,8,3232,4,False,53.86666666666667,T-4a53fe,2024-07-12,2024-07-14 01:00:00,49.0,low,153,0.0,False,2024-07,7,Critical,1.8571428571428572,Unhappy,53.86666666666667,stable usage,28,Severe Errors,654,658,-4
329,C-23a031,A-5247b3,2024-10-16,pricing,0.0,False,False,False,none,S-d6d433,2024-06-14,2024-11-19,Basic,16,0,0,True,False,False,True,annual,True,U-412a71,2024-10-18,feature_17,10,3590,0,False,59.833333333333336,T-60c481,2024-07-29,2024-07-31 09:00:00,57.0,urgent,131,4.0,False,2024-07,5,High Risk,2.4,Neutral,59.833333333333336,stable usage,0,No Errors,654,657,-3
331,C-23a031,A-5247b3,2024-10-16,pricing,0.0,False,False,False,none,S-d6d433,2024-06-14,2024-11-19,Basic,16,0,0,True,False,False,True,annual,True,U-412a71,2024-10-18,feature_17,10,3590,0,False,59.833333333333336,T-ddf662,2024-01-14,2024-01-15 09:00:00,33.0,high,66,0.0,False,2024-01,5,High Risk,2.4,Neutral,59.833333333333336,stable usage,0,No Errors,648,657,-9
332,C-23a031,A-5247b3,2024-10-16,pricing,0.0,False,False,False,none,S-d6d433,2024-06-14,2024-11-19,Basic,16,0,0,True,False,False,True,annual,True,U-412a71,2024-10-18,feature_17,10,3590,0,False,59.833333333333336,T-b3cd04,2024-09-08,2024-09-10 16:00:00,64.0,medium,51,5.0,False,2024-09,5,High Risk,2.4,Neutral,59.833333333333336,stable usage,0,No Errors,656,657,-1
338,C-97ab4b,A-82d8a6,2024-12-29,features,0.0,False,False,False,switched to competitor,S-9d7c19,2024-12-31,2024-12-31,Pro,5,245,2940,False,False,False,True,annual,True,U-7b4134,2024-08-29,feature_26,9,639,0,False,10.65,T-bccf63,2024-11-29,2024-12-01 22:00:00,70.0,high,67,3.0,False,2024-11,5,High Risk,1.4,Unhappy,10.65,disengaged,0,No Errors,658,659,-1
340,C-97ab4b,A-82d8a6,2024-12-29,features,0.0,False,False,False,switched to competitor,S-9d7c19,2024-12-31,2024-12-31,Pro,5,245,2940,False,False,False,True,annual,True,U-7b4134,2024-08-29,feature_26,9,639,0,False,10.65,T-9ce175,2024-03-05,2024-03-05 11:00:00,11.0,medium,164,0.0,False,2024-03,5,High Risk,1.4,Unhappy,10.65,disengaged,0,No Errors,650,659,-9
341,C-97ab4b,A-82d8a6,2024-12-29,features,0.0,False,False,False,switched to competitor,S-9d7c19,2024-12-31,2024-12-31,Pro,5,245,2940,False,False,False,True,annual,True,U-7b4134,2024-08-29,feature_26,9,639,0,False,10.65,T-c88d4c,2024-09-09,2024-09-11 05:00:00,53.0,urgent,163,4.0,False,2024-09,5,High Risk,1.4,Unhappy,10.65,disengaged,0,No Errors,656,659,-3
342,C-97ab4b,A-82d8a6,2024-12-29,features,0.0,False,False,False,switched to competitor,S-9d7c19,2024-12-31,2024-12-31,Pro,5,245,2940,False,False,False,True,annual,True,U-7b4134,2024-08-29,feature_26,9,639,0,False,10.65,T-1ce30f,2024-11-13,2024-11-14 02:00:00,26.0,medium,37,0.0,False,2024-11,5,High Risk,1.4,Unhappy,10.65,disengaged,0,No Errors,658,659,-1
344,C-23df1e,A-18793f,2024-12-30,support,25.41,True,False,False,none,S-51cb35,2024-12-20,2024-12-29,Basic,148,2812,33744,False,False,False,True,annual,True,U-6d805b,2023-02-16,feature_24,5,1655,0,False,27.583333333333332,T-36a591,2023-12-09,2023-12-10 21:00:00,45.0,low,99,3.0,False,2023-12,5,High Risk,3.8,Satisfied,27.583333333333332,inconsistent,0,No Errors,647,659,-12
348,C-48c0c8,A-53f4e3,2024-12-06,competitor,0.0,False,True,True,too expensive,S-7f8cd8,2024-09-18,2024-11-17,Enterprise,20,3980,47760,False,False,False,True,monthly,True,U-8142f6,2024-04-27,feature_1,11,264,0,False,4.4,T-accc3f,2024-01-20,2024-01-21 12:00:00,36.0,urgent,55,4.0,False,2024-01,5,High Risk,2.4,Neutral,4.4,disengaged,0,No Errors,648,659,-11
349,C-48c0c8,A-53f4e3,2024-12-06,competitor,0.0,False,True,True,too expensive,S-7f8cd8,2024-09-18,2024-11-17,Enterprise,20,3980,47760,False,False,False,True,monthly,True,U-8142f6,2024-04-27,feature_1,11,264,0,False,4.4,T-34deb3,2024-05-16,2024-05-18 02:00:00,50.0,high,150,0.0,False,2024-05,5,High Risk,2.4,Neutral,4.4,disengaged,0,No Errors,652,659,-7
350,C-48c0c8,A-53f4e3,2024-12-06,competitor,0.0,False,True,True,too expensive,S-7f8cd8,2024-09-18,2024-11-17,Enterprise,20,3980,47760,False,False,False,True,monthly,True,U-8142f6,2024-04-27,feature_1,11,264,0,False,4.4,T-ca5ab4,2024-09-24,2024-09-25 15:00:00,39.0,urgent,98,5.0,False,2024-09,5,High Risk,2.4,Neutral,4.4,disengaged,0,No Errors,656,659,-3
353,C-75e17f,A-ed510f,2023-05-05,budget,0.0,False,False,False,too expensive,S-fd12a3,2023-07-17,2023-10-09,Basic,42,798,9576,False,False,False,True,annual,False,U-9a3999,2024-04-13,feature_13,8,1176,0,False,19.6,T-f0f18c,2023-03-31,2023-04-02 16:00:00,64.0,high,137,0.0,False,2023-03,9,Severe Critical,1.7777777777777777,Unhappy,19.6,disengaged,0,No Errors,638,640,-2
354,C-75e17f,A-ed510f,2023-05-05,budget,0.0,False,False,False,too expensive,S-fd12a3,2023-07-17,2023-10-09,Basic,42,798,9576,False,False,False,True,annual,False,U-9a3999,2024-04-13,feature_13,8,1176,0,False,19.6,T-a39933,2023-01-31,2023-02-01 20:00:00,44.0,urgent,129,5.0,False,2023-01,9,Severe Critical,1.7777777777777777,Unhappy,19.6,disengaged,0,No Errors,636,640,-4
362,C-3dbe46,A-76fa4d,2024-11-26,unknown,1.55,False,False,False,too expensive,S-2c11c6,2024-12-08,2024-12-28,Pro,69,0,0,True,False,False,True,monthly,True,U-8cdb9f,2023-05-23,feature_16,12,6912,1,False,115.2,T-ced995,2024-06-24,2024-06-25 19:00:00,43.0,urgent,92,0.0,False,2024-06,5,High Risk,3.6,Satisfied,115.2,dependency stress,5,Low Errors,653,658,-5
387,C-eb8f3d,A-0be015,2024-12-13,unknown,74.68,False,False,False,too expensive,S-e6571c,2024-11-03,2024-11-12,Basic,19,361,4332,False,False,False,True,annual,True,U-fdbd1b,2023-04-03,feature_8,8,2104,0,True,35.06666666666667,T-2c6679,2024-07-16,2024-07-18 03:00:00,51.0,medium,73,5.0,False,2024-07,7,Critical,3.0,Neutral,35.06666666666667,inconsistent,0,No Errors,654,659,-5
391,C-eb8f3d,A-0be015,2024-12-13,unknown,74.68,False,False,False,too expensive,S-e6571c,2024-11-03,2024-11-12,Basic,19,361,4332,False,False,False,True,annual,True,U-fdbd1b,2023-04-03,feature_8,8,2104,0,True,35.06666666666667,T-1d4ad7,2024-01-04,2024-01-06 20:00:00,68.0,urgent,44,4.0,False,2024-01,7,Critical,3.0,Neutral,35.06666666666667,inconsistent,0,No Errors,648,659,-11
392,C-eb8f3d,A-0be015,2024-12-13,unknown,74.68,False,False,False,too expensive,S-e6571c,2024-11-03,2024-11-12,Basic,19,361,4332,False,False,False,True,annual,True,U-fdbd1b,2023-04-03,feature_8,8,2104,0,True,35.06666666666667,T-b0f248,2024-11-26,2024-11-27 22:00:00,46.0,high,122,0.0,False,2024-11,7,Critical,3.0,Neutral,35.06666666666667,inconsistent,0,No Errors,658,659,-1
399,C-033d73,A-ffc04f,2024-08-03,unknown,0.0,False,False,False,none,S-342708,2024-11-30,2024-12-21,Pro,41,2009,24108,False,False,False,True,annual,True,U-10774e,2024-05-23,feature_30,8,1544,0,False,25.733333333333334,T-2c4195,2024-01-08,2024-01-08 08:00:00,8.0,low,175,5.0,False,2024-01,7,Critical,2.5714285714285716,Neutral,25.73333333333333,inconsistent,0,No Errors,648,655,-7
400,C-033d73,A-ffc04f,2024-08-03,unknown,0.0,False,False,False,none,S-342708,2024-11-30,2024-12-21,Pro,41,2009,24108,False,False,False,True,annual,True,U-10774e,2024-05-23,feature_30,8,1544,0,False,25.733333333333334,T-4e6353,2024-05-13,2024-05-14 05:00:00,29.0,low,123,0.0,False,2024-05,7,Critical,2.5714285714285716,Neutral,25.73333333333333,inconsistent,0,No Errors,652,655,-3
401,C-033d73,A-ffc04f,2024-08-03,unknown,0.0,False,False,False,none,S-342708,2024-11-30,2024-12-21,Pro,41,2009,24108,False,False,False,True,annual,True,U-10774e,2024-05-23,feature_30,8,1544,0,False,25.733333333333334,T-d8ba4b,2023-11-12,2023-11-12 01:00:00,1.0,medium,17,5.0,False,2023-11,7,Critical,2.5714285714285716,Neutral,25.73333333333333,inconsistent,0,No Errors,646,655,-9
404,C-033d73,A-ffc04f,2024-08-03,unknown,0.0,False,False,False,none,S-342708,2024-11-30,2024-12-21,Pro,41,2009,24108,False,False,False,True,annual,True,U-10774e,2024-05-23,feature_30,8,1544,0,False,25.733333333333334,T-c7f28d,2023-08-17,2023-08-17 14:00:00,14.0,low,9,0.0,True,2023-08,7,Critical,2.5714285714285716,Neutral,25.73333333333333,inconsistent,0,No Errors,643,655,-12
408,C-6e6bcf,A-7c6b6b,2024-12-09,budget,0.0,False,False,False,too expensive,S-9e8b22,2024-12-16,2024-12-23,Pro,6,294,3528,False,False,False,True,annual,True,U-2a2aa5,2023-09-05,feature_23,13,4641,2,False,77.35,T-03624c,2024-01-29,2024-01-31 10:00:00,58.0,low,68,3.0,False,2024-01,5,High Risk,2.6,Neutral,77.35,engaged,10,Medium Errors,648,659,-11
409,C-6e6bcf,A-7c6b6b,2024-12-09,budget,0.0,False,False,False,too expensive,S-9e8b22,2024-12-16,2024-12-23,Pro,6,294,3528,False,False,False,True,annual,True,U-2a2aa5,2023-09-05,feature_23,13,4641,2,False,77.35,T-bad86e,2024-09-10,2024-09-12 20:00:00,68.0,high,144,0.0,False,2024-09,5,High Risk,2.6,Neutral,77.35,engaged,10,Medium Errors,656,659,-3
411,C-6e6bcf,A-7c6b6b,2024-12-09,budget,0.0,False,False,False,too expensive,S-9e8b22,2024-12-16,2024-12-23,Pro,6,294,3528,False,False,False,True,annual,True,U-2a2aa5,2023-09-05,feature_23,13,4641,2,False,77.35,T-a1bc5a,2024-06-24,2024-06-26 01:00:00,49.0,low,41,0.0,False,2024-06,5,High Risk,2.6,Neutral,77.35,engaged,10,Medium Errors,653,659,-6
428,C-8a3bc6,A-3b37d9,2024-10-13,support,0.0,False,False,False,switched to competitor,S-2fc028,2023-11-13,2024-11-27,Enterprise,23,4577,54924,False,True,False,True,annual,True,U-79f0c3,2024-03-03,feature_2,11,1408,0,False,23.466666666666665,T-861a59,2024-09-23,2024-09-24 04:00:00,28.0,medium,39,0.0,False,2024-09,5,High Risk,1.8,Unhappy,23.466666666666665,disengaged,0,No Errors,656,657,-1
434,C-8f9053,A-c1e51e,2024-11-09,pricing,0.0,False,False,False,missing features,S-222167,2024-12-29,2024-12-31,Basic,41,779,9348,False,False,False,True,annual,True,U-1905c7,2024-01-25,feature_31,9,1665,0,False,27.75,T-2859a9,2024-10-29,2024-10-31 16:00:00,64.0,urgent,59,3.0,False,2024-10,5,High Risk,3.2,Satisfied,27.75,inconsistent,0,No Errors,657,658,-1
435,C-8f9053,A-c1e51e,2024-11-09,pricing,0.0,False,False,False,missing features,S-222167,2024-12-29,2024-12-31,Basic,41,779,9348,False,False,False,True,annual,True,U-1905c7,2024-01-25,feature_31,9,1665,0,False,27.75,T-db00f6,2024-08-13,2024-08-14 08:00:00,32.0,urgent,101,3.0,False,2024-08,5,High Risk,3.2,Satisfied,27.75,inconsistent,0,No Errors,655,658,-3
437,C-7690f5,A-4c56c9,2024-04-05,budget,44.23,True,False,False,missing features,S-fc1114,2024-07-17,2024-10-23,Pro,18,882,10584,False,False,False,True,annual,True,U-342dd1,2024-10-06,feature_23,10,1610,0,False,26.833333333333332,T-a2eb91,2024-01-12,2024-01-14 10:00:00,58.0,medium,136,0.0,False,2024-01,5,High Risk,3.0,Neutral,26.833333333333332,inconsistent,0,No Errors,648,651,-3
439,C-7690f5,A-4c56c9,2024-04-05,budget,44.23,True,False,False,missing features,S-fc1114,2024-07-17,2024-10-23,Pro,18,882,10584,False,False,False,True,annual,True,U-342dd1,2024-10-06,feature_23,10,1610,0,False,26.833333333333332,T-27abc5,2024-01-06,2024-01-08 02:00:00,50.0,high,61,3.0,False,2024-01,5,High Risk,3.0,Neutral,26.833333333333332,inconsistent,0,No Errors,648,651,-3
463,C-2cec1c,A-712f1c,2024-10-24,budget,68.99,False,False,False,none,S-a554da,2024-04-09,2024-07-23,Enterprise,17,3383,40596,False,False,False,True,annual,True,U-82dac5,2023-06-15,feature_37,14,2534,0,True,42.233333333333334,T-81a9e7,2024-02-27,2024-02-28 19:00:00,43.0,medium,108,4.0,False,2024-02,6,High Risk,2.6666666666666665,Neutral,42.233333333333334,stable usage,0,No Errors,649,657,-8
464,C-2cec1c,A-712f1c,2024-10-24,budget,68.99,False,False,False,none,S-a554da,2024-04-09,2024-07-23,Enterprise,17,3383,40596,False,False,False,True,annual,True,U-82dac5,2023-06-15,feature_37,14,2534,0,True,42.233333333333334,T-67eb6f,2024-08-09,2024-08-11 03:00:00,51.0,urgent,46,0.0,False,2024-08,6,High Risk,2.6666666666666665,Neutral,42.233333333333334,stable usage,0,No Errors,655,657,-2
465,C-2cec1c,A-712f1c,2024-10-24,budget,68.99,False,False,False,none,S-a554da,2024-04-09,2024-07-23,Enterprise,17,3383,40596,False,False,False,True,annual,True,U-82dac5,2023-06-15,feature_37,14,2534,0,True,42.233333333333334,T-2572b1,2023-11-10,2023-11-11 18:00:00,42.0,urgent,88,5.0,False,2023-11,6,High Risk,2.6666666666666665,Neutral,42.233333333333334,stable usage,0,No Errors,646,657,-11
466,C-2cec1c,A-712f1c,2024-10-24,budget,68.99,False,False,False,none,S-a554da,2024-04-09,2024-07-23,Enterprise,17,3383,40596,False,False,False,True,annual,True,U-82dac5,2023-06-15,feature_37,14,2534,0,True,42.233333333333334,T-26d259,2023-10-26,2023-10-28 08:00:00,56.0,low,96,4.0,False,2023-10,6,High Risk,2.6666666666666665,Neutral,42.233333333333334,stable usage,0,No Errors,645,657,-12
469,C-bc2761,A-68f37c,2024-02-08,competitor,0.0,False,False,False,too expensive,S-401496,2023-08-13,2024-06-22,Enterprise,4,796,9552,False,True,False,True,monthly,True,U-9350ce,2023-04-07,feature_31,16,7488,0,False,124.8,T-a2760f,2023-11-02,2023-11-02 02:00:00,2.0,medium,169,0.0,False,2023-11,5,High Risk,0.8,Extremely Unhappy,124.8,dependency stress,0,No Errors,646,649,-3
470,C-bc2761,A-68f37c,2024-02-08,competitor,0.0,False,False,False,too expensive,S-401496,2023-08-13,2024-06-22,Enterprise,4,796,9552,False,True,False,True,monthly,True,U-9350ce,2023-04-07,feature_31,16,7488,0,False,124.8,T-29acb7,2023-05-07,2023-05-07 21:00:00,21.0,urgent,76,0.0,False,2023-05,5,High Risk,0.8,Extremely Unhappy,124.8,dependency stress,0,No Errors,640,649,-9
479,C-575802,A-67be94,2024-06-30,competitor,13.72,False,False,False,too expensive,S-b6e15a,2023-09-17,2024-02-18,Enterprise,37,7363,88356,False,False,False,True,monthly,False,U-bf94d3,2024-08-15,feature_4,9,1953,1,False,32.55,T-4630ac,2023-07-20,2023-07-21 09:00:00,33.0,urgent,47,0.0,False,2023-07,5,High Risk,1.6,Unhappy,32.55,inconsistent,5,Low Errors,642,653,-11
480,C-575802,A-67be94,2024-06-30,competitor,13.72,False,False,False,too expensive,S-b6e15a,2023-09-17,2024-02-18,Enterprise,37,7363,88356,False,False,False,True,monthly,False,U-bf94d3,2024-08-15,feature_4,9,1953,1,False,32.55,T-2626fb,2024-05-04,2024-05-04 14:00:00,14.0,high,168,0.0,False,2024-05,5,High Risk,1.6,Unhappy,32.55,inconsistent,5,Low Errors,652,653,-1
504,C-65ad11,A-39ddf4,2024-12-13,support,0.0,False,False,False,none,S-404132,2024-12-20,2024-12-29,Pro,40,1960,23520,False,False,False,True,annual,True,U-3913e1,2024-08-13,feature_8,10,1230,0,False,20.5,T-a3df20,2024-03-09,2024-03-11 20:00:00,68.0,high,118,0.0,False,2024-03,5,High Risk,3.4,Satisfied,20.5,disengaged,0,No Errors,650,659,-9
505,C-65ad11,A-39ddf4,2024-12-13,support,0.0,False,False,False,none,S-404132,2024-12-20,2024-12-29,Pro,40,1960,23520,False,False,False,True,annual,True,U-3913e1,2024-08-13,feature_8,10,1230,0,False,20.5,T-3b3bad,2024-03-13,2024-03-14 03:00:00,27.0,medium,116,4.0,False,2024-03,5,High Risk,3.4,Satisfied,20.5,disengaged,0,No Errors,650,659,-9
508,C-65ad11,A-39ddf4,2024-12-13,support,0.0,False,False,False,none,S-404132,2024-12-20,2024-12-29,Pro,40,1960,23520,False,False,False,True,annual,True,U-3913e1,2024-08-13,feature_8,10,1230,0,False,20.5,T-1cf7fa,2024-10-14,2024-10-14 12:00:00,12.0,high,21,4.0,False,2024-10,5,High Risk,3.4,Satisfied,20.5,disengaged,0,No Errors,657,659,-2
516,C-26576c,A-dbc825,2024-01-14,features,0.0,False,False,False,too expensive,S-b6ab32,2024-04-08,2024-08-05,Enterprise,19,3781,45372,False,False,False,True,annual,True,U-c8eac1,2023-06-21,feature_27,8,4168,0,False,69.46666666666667,T-856d24,2023-05-05,2023-05-07 05:00:00,53.0,high,166,0.0,False,2023-05,6,High Risk,1.3333333333333333,Unhappy,69.46666666666667,engaged,0,No Errors,640,648,-8
517,C-26576c,A-dbc825,2024-01-14,features,0.0,False,False,False,too expensive,S-b6ab32,2024-04-08,2024-08-05,Enterprise,19,3781,45372,False,False,False,True,annual,True,U-c8eac1,2023-06-21,feature_27,8,4168,0,False,69.46666666666667,T-6f8270,2023-11-11,2023-11-14 00:00:00,72.0,high,118,3.0,False,2023-11,6,High Risk,1.3333333333333333,Unhappy,69.46666666666667,engaged,0,No Errors,646,648,-2
524,C-cfa54b,A-eb7c38,2024-03-22,budget,6.26,False,True,False,none,S-615915,2024-05-24,2024-10-19,Enterprise,90,17910,214920,False,False,False,True,monthly,True,U-55855b,2024-09-10,feature_29,5,2685,0,False,44.75,T-8caacd,2023-08-16,2023-08-16 05:00:00,5.0,urgent,56,0.0,False,2023-08,5,High Risk,2.6,Neutral,44.75,stable usage,0,No Errors,643,650,-7
554,C-a72f7f,A-158f4e,2023-03-05,budget,0.0,False,False,False,switched to competitor,S-f3ff07,2023-06-19,2024-05-15,Basic,61,1159,13908,False,False,False,True,annual,False,U-6df35f,2023-03-11,feature_24,11,1254,0,True,20.9,T-a5b987,2023-01-27,2023-01-27 23:00:00,23.0,high,156,0.0,False,2023-01,5,High Risk,2.6,Neutral,20.9,disengaged,0,No Errors,636,638,-2
563,C-2c410a,A-712426,2024-12-23,features,0.0,True,False,True,missing features,S-af8f54,2024-11-28,2024-12-26,Enterprise,9,1791,21492,False,False,False,True,monthly,True,U-eff05f,2023-05-21,feature_36,6,1176,0,False,19.6,T-d92e2e,2024-07-18,2024-07-20 19:00:00,67.0,high,67,4.0,False,2024-07,6,High Risk,3.6666666666666665,Satisfied,19.6,disengaged,0,No Errors,654,659,-5
566,C-2c410a,A-712426,2024-12-23,features,0.0,True,False,True,missing features,S-af8f54,2024-11-28,2024-12-26,Enterprise,9,1791,21492,False,False,False,True,monthly,True,U-eff05f,2023-05-21,feature_36,6,1176,0,False,19.6,T-fa1316,2024-05-18,2024-05-20 12:00:00,60.0,low,169,4.0,False,2024-05,6,High Risk,3.6666666666666665,Satisfied,19.6,disengaged,0,No Errors,652,659,-7
567,C-2c410a,A-712426,2024-12-23,features,0.0,True,False,True,missing features,S-af8f54,2024-11-28,2024-12-26,Enterprise,9,1791,21492,False,False,False,True,monthly,True,U-eff05f,2023-05-21,feature_36,6,1176,0,False,19.6,T-1e080e,2024-08-04,2024-08-04 15:00:00,15.0,urgent,66,5.0,False,2024-08,6,High Risk,3.6666666666666665,Satisfied,19.6,disengaged,0,No Errors,655,659,-4
605,C-9776b7,A-40a557,2023-12-08,budget,0.0,False,False,False,switched to competitor,S-20d02a,2024-01-11,2024-01-16,Enterprise,16,3184,38208,False,False,False,True,annual,True,U-ac9cfc,2024-12-26,feature_17,6,2004,0,True,33.4,T-faf9c4,2023-07-19,2023-07-19 21:00:00,21.0,low,143,0.0,False,2023-07,7,Critical,1.5714285714285714,Unhappy,33.4,inconsistent,0,No Errors,642,647,-5
606,C-9776b7,A-40a557,2023-12-08,budget,0.0,False,False,False,switched to competitor,S-20d02a,2024-01-11,2024-01-16,Enterprise,16,3184,38208,False,False,False,True,annual,True,U-ac9cfc,2024-12-26,feature_17,6,2004,0,True,33.4,T-f255e4,2023-01-08,2023-01-09 05:00:00,29.0,medium,146,3.0,False,2023-01,7,Critical,1.5714285714285714,Unhappy,33.4,inconsistent,0,No Errors,636,647,-11
638,C-4c523f,A-05d3b3,2024-03-12,unknown,0.0,False,False,False,switched to competitor,S-b11cdb,2024-08-05,2024-08-12,Basic,24,456,5472,False,False,False,True,annual,True,U-b1a105,2024-09-16,feature_39,14,1288,0,False,21.466666666666665,T-d5bbc8,2023-08-13,2023-08-13 11:00:00,11.0,medium,19,0.0,False,2023-08,6,High Risk,2.1666666666666665,Neutral,21.466666666666665,disengaged,0,No Errors,643,650,-7
639,C-4c523f,A-05d3b3,2024-03-12,unknown,0.0,False,False,False,switched to competitor,S-b11cdb,2024-08-05,2024-08-12,Basic,24,456,5472,False,False,False,True,annual,True,U-b1a105,2024-09-16,feature_39,14,1288,0,False,21.466666666666665,T-c16052,2023-09-14,2023-09-15 22:00:00,46.0,high,70,0.0,False,2023-09,6,High Risk,2.1666666666666665,Neutral,21.466666666666665,disengaged,0,No Errors,644,650,-6
640,C-4c523f,A-05d3b3,2024-03-12,unknown,0.0,False,False,False,switched to competitor,S-b11cdb,2024-08-05,2024-08-12,Basic,24,456,5472,False,False,False,True,annual,True,U-b1a105,2024-09-16,feature_39,14,1288,0,False,21.466666666666665,T-ed85f6,2023-08-23,2023-08-23 14:00:00,14.0,medium,40,4.0,False,2023-08,6,High Risk,2.1666666666666665,Neutral,21.466666666666665,disengaged,0,No Errors,643,650,-7
674,C-f7846a,A-117171,2024-10-13,budget,0.0,False,False,False,switched to competitor,S-1fb7ac,2024-12-14,2024-12-17,Pro,45,2205,26460,False,False,False,True,annual,True,U-8c043c,2023-09-23,feature_33,11,3652,0,False,60.86666666666667,T-6d8b81,2023-11-04,2023-11-05 20:00:00,44.0,high,52,0.0,True,2023-11,6,High Risk,1.8333333333333333,Unhappy,60.86666666666667,engaged,0,No Errors,646,657,-11
675,C-f7846a,A-117171,2024-10-13,budget,0.0,False,False,False,switched to competitor,S-1fb7ac,2024-12-14,2024-12-17,Pro,45,2205,26460,False,False,False,True,annual,True,U-8c043c,2023-09-23,feature_33,11,3652,0,False,60.86666666666667,T-e496a8,2024-08-22,2024-08-22 22:00:00,22.0,medium,34,0.0,False,2024-08,6,High Risk,1.8333333333333333,Unhappy,60.86666666666667,engaged,0,No Errors,655,657,-2
677,C-f7846a,A-117171,2024-10-13,budget,0.0,False,False,False,switched to competitor,S-1fb7ac,2024-12-14,2024-12-17,Pro,45,2205,26460,False,False,False,True,annual,True,U-8c043c,2023-09-23,feature_33,11,3652,0,False,60.86666666666667,T-83656f,2023-12-19,2023-12-20 10:00:00,34.0,low,33,4.0,False,2023-12,6,High Risk,1.8333333333333333,Unhappy,60.86666666666667,engaged,0,No Errors,647,657,-10
680,C-056c32,A-1e6fc3,2024-03-20,pricing,0.0,False,False,False,switched to competitor,S-e6cfc1,2024-01-11,2024-04-02,Basic,1,0,0,True,False,False,True,annual,True,U-48a215,2023-10-05,feature_14,9,1323,0,False,22.05,T-8402a1,2023-04-25,2023-04-25 08:00:00,8.0,low,122,0.0,False,2023-04,5,High Risk,2.2,Neutral,22.05,disengaged,0,No Errors,639,650,-11
681,C-056c32,A-1e6fc3,2024-03-20,pricing,0.0,False,False,False,switched to competitor,S-e6cfc1,2024-01-11,2024-04-02,Basic,1,0,0,True,False,False,True,annual,True,U-48a215,2023-10-05,feature_14,9,1323,0,False,22.05,T-da0863,2023-12-30,2023-12-30 22:00:00,22.0,high,2,5.0,False,2023-12,5,High Risk,2.2,Neutral,22.05,disengaged,0,No Errors,647,650,-3
683,C-056c32,A-1e6fc3,2024-03-20,pricing,0.0,False,False,False,switched to competitor,S-e6cfc1,2024-01-11,2024-04-02,Basic,1,0,0,True,False,False,True,annual,True,U-48a215,2023-10-05,feature_14,9,1323,0,False,22.05,T-279c10,2023-07-09,2023-07-10 09:00:00,33.0,high,149,0.0,False,2023-07,5,High Risk,2.2,Neutral,22.05,disengaged,0,No Errors,642,650,-8
684,C-056c32,A-1e6fc3,2024-03-20,pricing,0.0,False,False,False,switched to competitor,S-e6cfc1,2024-01-11,2024-04-02,Basic,1,0,0,True,False,False,True,annual,True,U-48a215,2023-10-05,feature_14,9,1323,0,False,22.05,T-3d0cfa,2023-04-15,2023-04-15 23:00:00,23.0,urgent,50,3.0,False,2023-04,5,High Risk,2.2,Neutral,22.05,disengaged,0,No Errors,639,650,-11
694,C-66b3fa,A-378b99,2024-10-12,pricing,0.0,False,False,False,switched to competitor,S-a3927a,2024-12-02,2024-12-30,Enterprise,8,1592,19104,False,False,False,True,annual,True,U-74efcb,2023-07-13,feature_14,12,6996,1,False,116.6,T-037337,2024-07-11,2024-07-11 16:00:00,16.0,low,1,0.0,False,2024-07,6,High Risk,3.0,Neutral,116.59999999999998,dependency stress,6,Medium Errors,654,657,-3
695,C-66b3fa,A-378b99,2024-10-12,pricing,0.0,False,False,False,switched to competitor,S-a3927a,2024-12-02,2024-12-30,Enterprise,8,1592,19104,False,False,False,True,annual,True,U-74efcb,2023-07-13,feature_14,12,6996,1,False,116.6,T-c8be02,2023-11-03,2023-11-05 01:00:00,49.0,medium,115,5.0,False,2023-11,6,High Risk,3.0,Neutral,116.59999999999998,dependency stress,6,Medium Errors,646,657,-11
696,C-66b3fa,A-378b99,2024-10-12,pricing,0.0,False,False,False,switched to competitor,S-a3927a,2024-12-02,2024-12-30,Enterprise,8,1592,19104,False,False,False,True,annual,True,U-74efcb,2023-07-13,feature_14,12,6996,1,False,116.6,T-e062e2,2024-08-19,2024-08-20 15:00:00,39.0,high,106,3.0,False,2024-08,6,High Risk,3.0,Neutral,116.59999999999998,dependency stress,6,Medium Errors,655,657,-2
697,C-66b3fa,A-378b99,2024-10-12,pricing,0.0,False,False,False,switched to competitor,S-a3927a,2024-12-02,2024-12-30,Enterprise,8,1592,19104,False,False,False,True,annual,True,U-74efcb,2023-07-13,feature_14,12,6996,1,False,116.6,T-99e0a1,2023-12-01,2023-12-02 04:00:00,28.0,low,110,0.0,False,2023-12,6,High Risk,3.0,Neutral,116.59999999999998,dependency stress,6,Medium Errors,647,657,-10
708,C-d7de9d,A-8b0451,2024-12-29,budget,0.0,False,False,False,too expensive,S-670476,2024-11-18,2024-12-31,Enterprise,41,8159,97908,False,False,False,True,monthly,True,U-0eb13c,2023-07-30,feature_22,13,6994,0,True,116.56666666666666,T-b0063c,2024-02-17,2024-02-17 23:00:00,23.0,high,111,3.0,False,2024-02,7,Critical,2.0,Unhappy,116.56666666666668,dependency stress,0,No Errors,649,659,-10
710,C-d7de9d,A-8b0451,2024-12-29,budget,0.0,False,False,False,too expensive,S-670476,2024-11-18,2024-12-31,Enterprise,41,8159,97908,False,False,False,True,monthly,True,U-0eb13c,2023-07-30,feature_22,13,6994,0,True,116.56666666666666,T-ea65ad,2024-01-30,2024-01-30 06:00:00,6.0,medium,79,4.0,False,2024-01,7,Critical,2.0,Unhappy,116.56666666666668,dependency stress,0,No Errors,648,659,-11
711,C-d7de9d,A-8b0451,2024-12-29,budget,0.0,False,False,False,too expensive,S-670476,2024-11-18,2024-12-31,Enterprise,41,8159,97908,False,False,False,True,monthly,True,U-0eb13c,2023-07-30,feature_22,13,6994,0,True,116.56666666666666,T-d2f0e5,2023-12-27,2023-12-27 20:00:00,20.0,urgent,17,0.0,False,2023-12,7,Critical,2.0,Unhappy,116.56666666666668,dependency stress,0,No Errors,647,659,-12
718,C-155feb,A-82861f,2024-05-17,support,0.0,False,False,False,none,S-09cdac,2024-07-31,2024-09-04,Basic,41,779,9348,False,False,False,True,annual,True,U-3a5200,2023-02-13,feature_13,12,1812,0,False,30.2,T-d8b95c,2024-03-29,2024-03-29 06:00:00,6.0,urgent,5,4.0,False,2024-03,5,High Risk,3.2,Satisfied,30.2,inconsistent,0,No Errors,650,652,-2
734,C-2cec7e,A-ce550d,2024-12-28,budget,0.0,True,False,False,too expensive,S-4bfa1d,2024-12-21,2024-12-30,Pro,35,1715,20580,False,False,False,True,monthly,True,U-57f749,2024-07-25,feature_17,9,5247,0,False,87.45,T-2d4793,2024-02-12,2024-02-12 03:00:00,3.0,urgent,88,0.0,False,2024-02,7,Critical,2.7142857142857144,Neutral,87.45,dependency stress,0,No Errors,649,659,-10
736,C-2cec7e,A-ce550d,2024-12-28,budget,0.0,True,False,False,too expensive,S-4bfa1d,2024-12-21,2024-12-30,Pro,35,1715,20580,False,False,False,True,monthly,True,U-57f749,2024-07-25,feature_17,9,5247,0,False,87.45,T-fb84f7,2024-10-25,2024-10-27 21:00:00,69.0,medium,90,5.0,False,2024-10,7,Critical,2.7142857142857144,Neutral,87.45,dependency stress,0,No Errors,657,659,-2
737,C-2cec7e,A-ce550d,2024-12-28,budget,0.0,True,False,False,too expensive,S-4bfa1d,2024-12-21,2024-12-30,Pro,35,1715,20580,False,False,False,True,monthly,True,U-57f749,2024-07-25,feature_17,9,5247,0,False,87.45,T-a5de10,2024-06-03,2024-06-04 12:00:00,36.0,medium,98,4.0,False,2024-06,7,Critical,2.7142857142857144,Neutral,87.45,dependency stress,0,No Errors,653,659,-6
738,C-2cec7e,A-ce550d,2024-12-28,budget,0.0,True,False,False,too expensive,S-4bfa1d,2024-12-21,2024-12-30,Pro,35,1715,20580,False,False,False,True,monthly,True,U-57f749,2024-07-25,feature_17,9,5247,0,False,87.45,T-0088b7,2024-05-15,2024-05-17 17:00:00,65.0,medium,173,3.0,True,2024-05,7,Critical,2.7142857142857144,Neutral,87.45,dependency stress,0,No Errors,652,659,-7
739,C-2cec7e,A-ce550d,2024-12-28,budget,0.0,True,False,False,too expensive,S-4bfa1d,2024-12-21,2024-12-30,Pro,35,1715,20580,False,False,False,True,monthly,True,U-57f749,2024-07-25,feature_17,9,5247,0,False,87.45,T-5cf4eb,2024-06-15,2024-06-15 18:00:00,18.0,high,169,4.0,False,2024-06,7,Critical,2.7142857142857144,Neutral,87.45,dependency stress,0,No Errors,653,659,-6
753,C-3b6b00,A-9289f6,2023-08-24,support,17.93,False,False,False,too expensive,S-ae20d8,2023-07-04,2023-07-09,Basic,12,228,2736,False,True,False,True,annual,True,U-64bbb0,2023-01-08,feature_2,8,2936,0,False,48.93333333333333,T-c25880,2023-06-01,2023-06-02 11:00:00,35.0,medium,59,5.0,False,2023-06,6,High Risk,2.1666666666666665,Neutral,48.93333333333333,stable usage,0,No Errors,641,643,-2
755,C-3b6b00,A-9289f6,2023-08-24,support,17.93,False,False,False,too expensive,S-ae20d8,2023-07-04,2023-07-09,Basic,12,228,2736,False,True,False,True,annual,True,U-64bbb0,2023-01-08,feature_2,8,2936,0,False,48.93333333333333,T-c0657b,2023-06-12,2023-06-14 02:00:00,50.0,low,155,0.0,False,2023-06,6,High Risk,2.1666666666666665,Neutral,48.93333333333333,stable usage,0,No Errors,641,643,-2
795,C-a9e0c4,A-94d3da,2024-04-12,competitor,0.0,False,False,False,switched to competitor,S-32e8fa,2023-06-04,2023-10-21,Pro,41,2009,24108,False,False,False,True,annual,True,U-d4d5be,2024-10-27,feature_23,10,1450,0,False,24.166666666666668,T-4f0baf,2023-09-13,2023-09-14 03:00:00,27.0,urgent,60,0.0,False,2023-09,6,High Risk,2.3333333333333335,Neutral,24.166666666666668,disengaged,0,No Errors,644,651,-7
796,C-66c9fe,A-86902e,2024-12-07,features,0.0,False,False,False,none,S-13939b,2023-07-21,2024-08-03,Pro,34,0,0,True,False,False,True,monthly,True,U-00cf4a,2024-02-24,feature_31,12,672,0,False,11.2,T-59d67b,2024-03-21,2024-03-23 00:00:00,48.0,urgent,17,3.0,False,2024-03,9,Severe Critical,1.5555555555555556,Unhappy,11.2,disengaged,0,No Errors,650,659,-9
799,C-66c9fe,A-86902e,2024-12-07,features,0.0,False,False,False,none,S-13939b,2023-07-21,2024-08-03,Pro,34,0,0,True,False,False,True,monthly,True,U-00cf4a,2024-02-24,feature_31,12,672,0,False,11.2,T-d035ff,2024-03-13,2024-03-15 06:00:00,54.0,urgent,22,0.0,False,2024-03,9,Severe Critical,1.5555555555555556,Unhappy,11.2,disengaged,0,No Errors,650,659,-9
800,C-66c9fe,A-86902e,2024-12-07,features,0.0,False,False,False,none,S-13939b,2023-07-21,2024-08-03,Pro,34,0,0,True,False,False,True,monthly,True,U-00cf4a,2024-02-24,feature_31,12,672,0,False,11.2,T-ead922,2024-06-03,2024-06-03 06:00:00,6.0,urgent,16,5.0,False,2024-06,9,Severe Critical,1.5555555555555556,Unhappy,11.2,disengaged,0,No Errors,653,659,-6
801,C-66c9fe,A-86902e,2024-12-07,features,0.0,False,False,False,none,S-13939b,2023-07-21,2024-08-03,Pro,34,0,0,True,False,False,True,monthly,True,U-00cf4a,2024-02-24,feature_31,12,672,0,False,11.2,T-762c9d,2024-05-11,2024-05-12 07:00:00,31.0,high,118,0.0,False,2024-05,9,Severe Critical,1.5555555555555556,Unhappy,11.2,disengaged,0,No Errors,652,659,-7
804,C-66c9fe,A-86902e,2024-12-07,features,0.0,False,False,False,none,S-13939b,2023-07-21,2024-08-03,Pro,34,0,0,True,False,False,True,monthly,True,U-00cf4a,2024-02-24,feature_31,12,672,0,False,11.2,T-7eaf4c,2024-01-12,2024-01-13 10:00:00,34.0,low,63,3.0,False,2024-01,9,Severe Critical,1.5555555555555556,Unhappy,11.2,disengaged,0,No Errors,648,659,-11
820,C-edb201,A-a7bd4b,2024-10-15,features,0.0,False,False,False,too expensive,S-704b48,2023-11-15,2024-10-10,Enterprise,15,0,0,True,False,False,True,annual,False,U-9e883a,2023-12-25,feature_14,16,896,0,False,14.933333333333334,T-3f5174,2024-06-07,2024-06-08 18:00:00,42.0,high,98,3.0,False,2024-06,6,High Risk,2.1666666666666665,Neutral,14.933333333333332,disengaged,0,No Errors,653,657,-4
821,C-edb201,A-a7bd4b,2024-10-15,features,0.0,False,False,False,too expensive,S-704b48,2023-11-15,2024-10-10,Enterprise,15,0,0,True,False,False,True,annual,False,U-9e883a,2023-12-25,feature_14,16,896,0,False,14.933333333333334,T-1b7a8e,2023-11-11,2023-11-12 04:00:00,28.0,urgent,169,0.0,False,2023-11,6,High Risk,2.1666666666666665,Neutral,14.933333333333332,disengaged,0,No Errors,646,657,-11
823,C-990050,A-4f18f0,2024-12-01,features,0.0,False,False,False,missing features,S-7f92bd,2024-06-04,2024-08-10,Basic,24,456,5472,False,False,True,True,monthly,True,U-0926ba,2024-06-14,feature_39,9,3249,0,True,54.15,T-7d4d61,2024-06-11,2024-06-13 23:00:00,71.0,urgent,75,5.0,False,2024-06,5,High Risk,3.2,Satisfied,54.15,stable usage,0,No Errors,653,659,-6
825,C-990050,A-4f18f0,2024-12-01,features,0.0,False,False,False,missing features,S-7f92bd,2024-06-04,2024-08-10,Basic,24,456,5472,False,False,True,True,monthly,True,U-0926ba,2024-06-14,feature_39,9,3249,0,True,54.15,T-d532cc,2024-08-04,2024-08-05 10:00:00,34.0,low,34,4.0,False,2024-08,5,High Risk,3.2,Satisfied,54.15,stable usage,0,No Errors,655,659,-4
827,C-990050,A-4f18f0,2024-12-01,features,0.0,False,False,False,missing features,S-7f92bd,2024-06-04,2024-08-10,Basic,24,456,5472,False,False,True,True,monthly,True,U-0926ba,2024-06-14,feature_39,9,3249,0,True,54.15,T-24d5c4,2024-03-20,2024-03-22 08:00:00,56.0,high,79,4.0,False,2024-03,5,High Risk,3.2,Satisfied,54.15,stable usage,0,No Errors,650,659,-9
831,C-151fb1,A-fd7ad3,2024-12-19,support,0.0,True,False,True,missing features,S-80af53,2024-12-23,2024-12-29,Enterprise,12,2388,28656,False,True,False,True,monthly,True,U-6f4284,2024-11-25,feature_4,6,2172,2,False,36.2,T-a1d9dd,2024-04-27,2024-04-29 16:00:00,64.0,urgent,21,3.0,False,2024-04,8,Critical,3.125,Satisfied,36.2,inconsistent,16,High Errors,651,659,-8
832,C-151fb1,A-fd7ad3,2024-12-19,support,0.0,True,False,True,missing features,S-80af53,2024-12-23,2024-12-29,Enterprise,12,2388,28656,False,True,False,True,monthly,True,U-6f4284,2024-11-25,feature_4,6,2172,2,False,36.2,T-fc25d0,2024-08-17,2024-08-19 13:00:00,61.0,high,138,0.0,False,2024-08,8,Critical,3.125,Satisfied,36.2,inconsistent,16,High Errors,655,659,-4
835,C-151fb1,A-fd7ad3,2024-12-19,support,0.0,True,False,True,missing features,S-80af53,2024-12-23,2024-12-29,Enterprise,12,2388,28656,False,True,False,True,monthly,True,U-6f4284,2024-11-25,feature_4,6,2172,2,False,36.2,T-d370a4,2023-12-23,2023-12-25 06:00:00,54.0,urgent,118,5.0,True,2023-12,8,Critical,3.125,Satisfied,36.2,inconsistent,16,High Errors,647,659,-12
836,C-151fb1,A-fd7ad3,2024-12-19,support,0.0,True,False,True,missing features,S-80af53,2024-12-23,2024-12-29,Enterprise,12,2388,28656,False,True,False,True,monthly,True,U-6f4284,2024-11-25,feature_4,6,2172,2,False,36.2,T-bc73ad,2024-10-08,2024-10-09 21:00:00,45.0,low,103,5.0,False,2024-10,8,Critical,3.125,Satisfied,36.2,inconsistent,16,High Errors,657,659,-2
838,C-151fb1,A-fd7ad3,2024-12-19,support,0.0,True,False,True,missing features,S-80af53,2024-12-23,2024-12-29,Enterprise,12,2388,28656,False,True,False,True,monthly,True,U-6f4284,2024-11-25,feature_4,6,2172,2,False,36.2,T-7d2f68,2024-10-17,2024-10-19 11:00:00,59.0,low,167,5.0,False,2024-10,8,Critical,3.125,Satisfied,36.2,inconsistent,16,High Errors,657,659,-2
868,C-ad8b54,A-a09355,2024-09-13,support,0.0,True,False,False,none,S-975ee4,2024-11-18,2024-11-24,Pro,14,686,8232,False,False,False,True,annual,False,U-fa42fe,2024-11-09,feature_19,13,3536,0,False,58.93333333333333,T-a941f1,2023-10-20,2023-10-20 08:00:00,8.0,low,129,5.0,False,2023-10,5,High Risk,2.4,Neutral,58.93333333333332,stable usage,0,No Errors,645,656,-11
870,C-ad8b54,A-a09355,2024-09-13,support,0.0,True,False,False,none,S-975ee4,2024-11-18,2024-11-24,Pro,14,686,8232,False,False,False,True,annual,False,U-fa42fe,2024-11-09,feature_19,13,3536,0,False,58.93333333333333,T-6ea0dd,2024-02-08,2024-02-08 04:00:00,4.0,low,87,4.0,False,2024-02,5,High Risk,2.4,Neutral,58.93333333333332,stable usage,0,No Errors,649,656,-7
871,C-ad8b54,A-a09355,2024-09-13,support,0.0,True,False,False,none,S-975ee4,2024-11-18,2024-11-24,Pro,14,686,8232,False,False,False,True,annual,False,U-fa42fe,2024-11-09,feature_19,13,3536,0,False,58.93333333333333,T-4fa65e,2024-06-03,2024-06-03 18:00:00,18.0,urgent,55,0.0,False,2024-06,5,High Risk,2.4,Neutral,58.93333333333332,stable usage,0,No Errors,653,656,-3
872,C-ad8b54,A-a09355,2024-09-13,support,0.0,True,False,False,none,S-975ee4,2024-11-18,2024-11-24,Pro,14,686,8232,False,False,False,True,annual,False,U-fa42fe,2024-11-09,feature_19,13,3536,0,False,58.93333333333333,T-c1de5f,2023-10-13,2023-10-15 22:00:00,70.0,urgent,28,0.0,False,2023-10,5,High Risk,2.4,Neutral,58.93333333333332,stable usage,0,No Errors,645,656,-11
874,C-f33efc,A-8ed5dd,2024-10-30,support,0.0,True,True,False,switched to competitor,S-97fab7,2024-03-27,2024-10-08,Basic,5,95,1140,False,False,False,True,annual,False,U-e66f8e,2023-05-22,feature_17,13,754,4,False,12.566666666666666,T-ee77ae,2024-05-17,2024-05-19 03:00:00,51.0,low,87,0.0,False,2024-05,6,High Risk,2.5,Neutral,12.566666666666668,disengaged,24,Severe Errors,652,657,-5
877,C-f33efc,A-8ed5dd,2024-10-30,support,0.0,True,True,False,switched to competitor,S-97fab7,2024-03-27,2024-10-08,Basic,5,95,1140,False,False,False,True,annual,False,U-e66f8e,2023-05-22,feature_17,13,754,4,False,12.566666666666666,T-7917a1,2024-06-09,2024-06-10 16:00:00,40.0,high,125,0.0,False,2024-06,6,High Risk,2.5,Neutral,12.566666666666668,disengaged,24,Severe Errors,653,657,-4
895,C-49868d,A-309e54,2024-12-14,support,106.67,False,False,False,missing features,S-8b24a0,2024-12-29,2024-12-30,Pro,33,1617,19404,False,False,False,True,monthly,True,U-2abf5d,2023-04-04,feature_33,5,800,0,False,13.333333333333334,T-c9f3f0,2024-07-19,2024-07-20 02:00:00,26.0,high,145,0.0,False,2024-07,5,High Risk,0.6,Extremely Unhappy,13.333333333333334,disengaged,0,No Errors,654,659,-5
897,C-49868d,A-309e54,2024-12-14,support,106.67,False,False,False,missing features,S-8b24a0,2024-12-29,2024-12-30,Pro,33,1617,19404,False,False,False,True,monthly,True,U-2abf5d,2023-04-04,feature_33,5,800,0,False,13.333333333333334,T-f17009,2024-09-24,2024-09-26 04:00:00,52.0,medium,71,0.0,False,2024-09,5,High Risk,0.6,Extremely Unhappy,13.333333333333334,disengaged,0,No Errors,656,659,-3
898,C-49868d,A-309e54,2024-12-14,support,106.67,False,False,False,missing features,S-8b24a0,2024-12-29,2024-12-30,Pro,33,1617,19404,False,False,False,True,monthly,True,U-2abf5d,2023-04-04,feature_33,5,800,0,False,13.333333333333334,T-08c89b,2024-04-27,2024-04-28 12:00:00,36.0,urgent,82,3.0,False,2024-04,5,High Risk,0.6,Extremely Unhappy,13.333333333333334,disengaged,0,No Errors,651,659,-8
899,C-49868d,A-309e54,2024-12-14,support,106.67,False,False,False,missing features,S-8b24a0,2024-12-29,2024-12-30,Pro,33,1617,19404,False,False,False,True,monthly,True,U-2abf5d,2023-04-04,feature_33,5,800,0,False,13.333333333333334,T-f7b50d,2024-01-06,2024-01-06 02:00:00,2.0,urgent,66,0.0,False,2024-01,5,High Risk,0.6,Extremely Unhappy,13.333333333333334,disengaged,0,No Errors,648,659,-11
934,C-88a176,A-d922bf,2024-12-06,support,11.13,False,True,False,too expensive,S-1d7e7f,2024-09-01,2024-10-21,Enterprise,15,2985,35820,False,False,False,True,annual,True,U-fcf023,2023-01-09,feature_22,8,2752,0,False,45.86666666666667,T-5b9038,2024-07-16,2024-07-16 23:00:00,23.0,high,7,3.0,False,2024-07,7,Critical,1.4285714285714286,Unhappy,45.86666666666667,stable usage,0,No Errors,654,659,-5
935,C-88a176,A-d922bf,2024-12-06,support,11.13,False,True,False,too expensive,S-1d7e7f,2024-09-01,2024-10-21,Enterprise,15,2985,35820,False,False,False,True,annual,True,U-fcf023,2023-01-09,feature_22,8,2752,0,False,45.86666666666667,T-8384cf,2024-01-23,2024-01-23 13:00:00,13.0,low,95,0.0,False,2024-01,7,Critical,1.4285714285714286,Unhappy,45.86666666666667,stable usage,0,No Errors,648,659,-11
936,C-88a176,A-d922bf,2024-12-06,support,11.13,False,True,False,too expensive,S-1d7e7f,2024-09-01,2024-10-21,Enterprise,15,2985,35820,False,False,False,True,annual,True,U-fcf023,2023-01-09,feature_22,8,2752,0,False,45.86666666666667,T-1ab00a,2024-01-25,2024-01-27 04:00:00,52.0,low,30,0.0,False,2024-01,7,Critical,1.4285714285714286,Unhappy,45.86666666666667,stable usage,0,No Errors,648,659,-11
938,C-88a176,A-d922bf,2024-12-06,support,11.13,False,True,False,too expensive,S-1d7e7f,2024-09-01,2024-10-21,Enterprise,15,2985,35820,False,False,False,True,annual,True,U-fcf023,2023-01-09,feature_22,8,2752,0,False,45.86666666666667,T-24643b,2024-02-21,2024-02-21 02:00:00,2.0,low,130,3.0,False,2024-02,7,Critical,1.4285714285714286,Unhappy,45.86666666666667,stable usage,0,No Errors,649,659,-10
940,C-88a176,A-d922bf,2024-12-06,support,11.13,False,True,False,too expensive,S-1d7e7f,2024-09-01,2024-10-21,Enterprise,15,2985,35820,False,False,False,True,annual,True,U-fcf023,2023-01-09,feature_22,8,2752,0,False,45.86666666666667,T-8a2ad9,2024-01-23,2024-01-25 23:00:00,71.0,low,125,0.0,False,2024-01,7,Critical,1.4285714285714286,Unhappy,45.86666666666667,stable usage,0,No Errors,648,659,-11
948,C-5328d6,A-0b0d6d,2024-12-31,competitor,0.0,False,False,False,none,S-6ef81d,2024-12-30,2024-12-31,Basic,25,475,5700,False,False,False,True,annual,True,U-d1b659,2024-12-14,feature_9,7,448,0,False,7.466666666666667,T-88d5fe,2024-01-14,2024-01-15 17:00:00,41.0,urgent,59,0.0,False,2024-01,5,High Risk,1.6,Unhappy,7.466666666666667,disengaged,0,No Errors,648,659,-11
950,C-5328d6,A-0b0d6d,2024-12-31,competitor,0.0,False,False,False,none,S-6ef81d,2024-12-30,2024-12-31,Basic,25,475,5700,False,False,False,True,annual,True,U-d1b659,2024-12-14,feature_9,7,448,0,False,7.466666666666667,T-1df716,2024-10-09,2024-10-11 01:00:00,49.0,medium,145,0.0,False,2024-10,5,High Risk,1.6,Unhappy,7.466666666666667,disengaged,0,No Errors,657,659,-2
963,C-75fdd6,A-0f7d77,2024-11-09,competitor,0.0,False,False,True,missing features,S-1131ff,2024-12-01,2024-12-31,Basic,3,0,0,True,False,False,True,monthly,True,U-18e91f,2024-01-22,feature_8,8,4336,0,False,72.26666666666667,T-37d585,2023-11-23,2023-11-25 04:00:00,52.0,high,138,5.0,False,2023-11,5,High Risk,2.0,Unhappy,72.26666666666667,engaged,0,No Errors,646,658,-12
964,C-75fdd6,A-0f7d77,2024-11-09,competitor,0.0,False,False,True,missing features,S-1131ff,2024-12-01,2024-12-31,Basic,3,0,0,True,False,False,True,monthly,True,U-18e91f,2024-01-22,feature_8,8,4336,0,False,72.26666666666667,T-f79198,2023-11-30,2023-12-01 01:00:00,25.0,medium,17,0.0,False,2023-11,5,High Risk,2.0,Unhappy,72.26666666666667,engaged,0,No Errors,646,658,-12
984,C-f49d4c,A-65c341,2024-12-16,unknown,0.0,False,False,False,switched to competitor,S-dd85c4,2024-02-26,2024-07-18,Enterprise,31,6169,74028,False,False,False,True,monthly,True,U-da4f69,2023-09-18,feature_33,15,2580,0,True,43.0,T-d466fd,2024-05-06,2024-05-06 02:00:00,2.0,high,122,0.0,False,2024-05,5,High Risk,0.8,Extremely Unhappy,43.0,stable usage,0,No Errors,652,659,-7
992,C-c179a3,A-e7beab,2024-04-25,features,0.0,False,True,False,missing features,S-8ff318,2024-12-23,2024-12-29,Pro,5,245,2940,False,False,False,True,monthly,True,U-117fde,2023-06-08,feature_37,13,7241,2,False,120.68333333333334,T-5a402d,2023-04-25,2023-04-27 15:00:00,63.0,low,138,3.0,False,2023-04,6,High Risk,2.6666666666666665,Neutral,120.68333333333334,dependency stress,12,High Errors,639,651,-12
994,C-c179a3,A-e7beab,2024-04-25,features,0.0,False,True,False,missing features,S-8ff318,2024-12-23,2024-12-29,Pro,5,245,2940,False,False,False,True,monthly,True,U-117fde,2023-06-08,feature_37,13,7241,2,False,120.68333333333334,T-cb3efb,2023-09-16,2023-09-16 19:00:00,19.0,high,28,5.0,False,2023-09,6,High Risk,2.6666666666666665,Neutral,120.68333333333334,dependency stress,12,High Errors,644,651,-7
996,C-c179a3,A-e7beab,2024-04-25,features,0.0,False,True,False,missing features,S-8ff318,2024-12-23,2024-12-29,Pro,5,245,2940,False,False,False,True,monthly,True,U-117fde,2023-06-08,feature_37,13,7241,2,False,120.68333333333334,T-4fd4ae,2023-10-19,2023-10-21 06:00:00,54.0,low,110,0.0,False,2023-10,6,High Risk,2.6666666666666665,Neutral,120.68333333333334,dependency stress,12,High Errors,645,651,-6
997,C-c179a3,A-e7beab,2024-04-25,features,0.0,False,True,False,missing features,S-8ff318,2024-12-23,2024-12-29,Pro,5,245,2940,False,False,False,True,monthly,True,U-117fde,2023-06-08,feature_37,13,7241,2,False,120.68333333333334,T-6014e5,2023-10-16,2023-10-18 09:00:00,57.0,high,161,3.0,False,2023-10,6,High Risk,2.6666666666666665,Neutral,120.68333333333334,dependency stress,12,High Errors,645,651,-6
1030,C-26865a,A-854864,2024-12-24,support,8.47,True,False,False,switched to competitor,S-bbafad,2024-12-27,2024-12-30,Basic,20,380,4560,False,False,False,True,annual,True,U-aed926,2024-03-25,feature_5,14,7196,0,False,119.93333333333334,T-04457d,2024-07-18,2024-07-20 00:00:00,48.0,medium,140,5.0,False,2024-07,5,High Risk,4.8,Very Satisfied,119.93333333333335,dependency stress,0,No Errors,654,659,-5
1034,C-26865a,A-854864,2024-12-24,support,8.47,True,False,False,switched to competitor,S-bbafad,2024-12-27,2024-12-30,Basic,20,380,4560,False,False,False,True,annual,True,U-aed926,2024-03-25,feature_5,14,7196,0,False,119.93333333333334,T-01387f,2024-03-26,2024-03-27 21:00:00,45.0,low,74,5.0,False,2024-03,5,High Risk,4.8,Very Satisfied,119.93333333333335,dependency stress,0,No Errors,650,659,-9
1035,C-fba952,A-118d55,2024-12-27,pricing,0.0,False,False,False,too expensive,S-7452a4,2024-12-30,2024-12-31,Enterprise,29,5771,69252,False,False,False,True,monthly,True,U-6047f4,2024-03-06,feature_14,6,2370,0,False,39.5,T-f68dde,2024-09-08,2024-09-08 14:00:00,14.0,medium,1,4.0,False,2024-09,5,High Risk,2.6,Neutral,39.5,inconsistent,0,No Errors,656,659,-3
1040,C-e4261a,A-417d2f,2024-12-30,budget,0.0,False,False,False,missing features,S-38eb77,2024-02-02,2024-05-03,Enterprise,26,5174,62088,False,True,False,True,monthly,True,U-8b757a,2023-01-31,feature_37,9,3582,0,False,59.7,T-b60d4d,2024-02-01,2024-02-03 04:00:00,52.0,high,20,5.0,False,2024-02,6,High Risk,2.1666666666666665,Neutral,59.70000000000001,stable usage,0,No Errors,649,659,-10
1041,C-e4261a,A-417d2f,2024-12-30,budget,0.0,False,False,False,missing features,S-38eb77,2024-02-02,2024-05-03,Enterprise,26,5174,62088,False,True,False,True,monthly,True,U-8b757a,2023-01-31,feature_37,9,3582,0,False,59.7,T-60bb06,2024-11-20,2024-11-22 08:00:00,56.0,low,144,0.0,False,2024-11,6,High Risk,2.1666666666666665,Neutral,59.70000000000001,stable usage,0,No Errors,658,659,-1
1045,C-e4261a,A-417d2f,2024-12-30,budget,0.0,False,False,False,missing features,S-38eb77,2024-02-02,2024-05-03,Enterprise,26,5174,62088,False,True,False,True,monthly,True,U-8b757a,2023-01-31,feature_37,9,3582,0,False,59.7,T-d9d697,2024-11-06,2024-11-08 22:00:00,70.0,urgent,3,0.0,False,2024-11,6,High Risk,2.1666666666666665,Neutral,59.70000000000001,stable usage,0,No Errors,658,659,-1
1059,C-cfb464,A-eb2fdc,2024-05-26,competitor,0.0,False,False,False,missing features,S-9686c6,2024-05-31,2024-09-25,Pro,33,1617,19404,False,False,False,True,annual,False,U-8a69a4,2024-09-28,feature_15,9,495,1,False,8.25,T-7d1efb,2023-12-18,2023-12-19 22:00:00,46.0,medium,16,0.0,False,2023-12,5,High Risk,3.6,Satisfied,8.25,disengaged,5,Low Errors,647,652,-5
1061,C-cfb464,A-eb2fdc,2024-05-26,competitor,0.0,False,False,False,missing features,S-9686c6,2024-05-31,2024-09-25,Pro,33,1617,19404,False,False,False,True,annual,False,U-8a69a4,2024-09-28,feature_15,9,495,1,False,8.25,T-0c9932,2023-10-18,2023-10-18 16:00:00,16.0,medium,50,5.0,False,2023-10,5,High Risk,3.6,Satisfied,8.25,disengaged,5,Low Errors,645,652,-7
1062,C-cfb464,A-eb2fdc,2024-05-26,competitor,0.0,False,False,False,missing features,S-9686c6,2024-05-31,2024-09-25,Pro,33,1617,19404,False,False,False,True,annual,False,U-8a69a4,2024-09-28,feature_15,9,495,1,False,8.25,T-921d17,2023-05-23,2023-05-24 00:00:00,24.0,low,50,4.0,False,2023-05,5,High Risk,3.6,Satisfied,8.25,disengaged,5,Low Errors,640,652,-12
1063,C-cfb464,A-eb2fdc,2024-05-26,competitor,0.0,False,False,False,missing features,S-9686c6,2024-05-31,2024-09-25,Pro,33,1617,19404,False,False,False,True,annual,False,U-8a69a4,2024-09-28,feature_15,9,495,1,False,8.25,T-30c6e3,2023-11-17,2023-11-18 03:00:00,27.0,low,30,5.0,False,2023-11,5,High Risk,3.6,Satisfied,8.25,disengaged,5,Low Errors,646,652,-6
1077,C-f6f8a5,A-2d1036,2024-10-28,pricing,39.09,True,False,True,switched to competitor,S-37b59a,2024-09-24,2024-12-18,Pro,69,3381,40572,False,False,False,True,annual,True,U-abe257,2023-11-24,feature_23,8,2912,0,True,48.53333333333333,T-217098,2024-06-17,2024-06-19 02:00:00,50.0,low,8,5.0,False,2024-06,5,High Risk,4.6,Very Satisfied,48.53333333333333,stable usage,0,No Errors,653,657,-4
1078,C-f6f8a5,A-2d1036,2024-10-28,pricing,39.09,True,False,True,switched to competitor,S-37b59a,2024-09-24,2024-12-18,Pro,69,3381,40572,False,False,False,True,annual,True,U-abe257,2023-11-24,feature_23,8,2912,0,True,48.53333333333333,T-1a19ef,2024-09-19,2024-09-19 20:00:00,20.0,medium,98,5.0,True,2024-09,5,High Risk,4.6,Very Satisfied,48.53333333333333,stable usage,0,No Errors,656,657,-1
1215,C-326d32,A-34d880,2024-12-20,unknown,10.4,False,False,False,missing features,S-fc6cb4,2024-08-11,2024-09-18,Basic,41,779,9348,False,False,False,True,monthly,False,U-7061a2,2024-10-05,feature_32,13,5863,0,False,97.71666666666667,T-bdc72c,2024-11-19,2024-11-21 14:00:00,62.0,medium,106,3.0,False,2024-11,5,High Risk,3.0,Neutral,97.71666666666667,dependency stress,0,No Errors,658,659,-1
1217,C-326d32,A-34d880,2024-12-20,unknown,10.4,False,False,False,missing features,S-fc6cb4,2024-08-11,2024-09-18,Basic,41,779,9348,False,False,False,True,monthly,False,U-7061a2,2024-10-05,feature_32,13,5863,0,False,97.71666666666667,T-926f27,2024-10-05,2024-10-07 16:00:00,64.0,low,127,3.0,False,2024-10,5,High Risk,3.0,Neutral,97.71666666666667,dependency stress,0,No Errors,657,659,-2
1219,C-326d32,A-34d880,2024-12-20,unknown,10.4,False,False,False,missing features,S-fc6cb4,2024-08-11,2024-09-18,Basic,41,779,9348,False,False,False,True,monthly,False,U-7061a2,2024-10-05,feature_32,13,5863,0,False,97.71666666666667,T-1df6ee,2024-07-12,2024-07-13 08:00:00,32.0,low,131,3.0,False,2024-07,5,High Risk,3.0,Neutral,97.71666666666667,dependency stress,0,No Errors,654,659,-5
1233,C-cf246e,A-7f6b86,2024-07-10,pricing,5.27,False,False,False,none,S-f49e0b,2024-01-21,2024-03-21,Pro,45,2205,26460,False,True,False,True,annual,True,U-408525,2023-04-05,feature_21,16,4496,0,False,74.93333333333334,T-0a20f3,2023-07-03,2023-07-05 17:00:00,65.0,medium,156,3.0,False,2023-07,7,Critical,1.5714285714285714,Unhappy,74.93333333333332,engaged,0,No Errors,642,654,-12
1285,C-54ce4f,A-6dee43,2024-01-14,pricing,143.8,False,False,False,switched to competitor,S-8669e4,2024-08-11,2024-10-23,Pro,55,2695,32340,False,False,False,True,annual,False,U-841c39,2024-08-28,feature_20,8,1264,2,False,21.066666666666666,T-d89dd4,2023-11-07,2023-11-08 17:00:00,41.0,urgent,64,5.0,False,2023-11,5,High Risk,2.6,Neutral,21.066666666666666,disengaged,10,Medium Errors,646,648,-2
1286,C-54ce4f,A-6dee43,2024-01-14,pricing,143.8,False,False,False,switched to competitor,S-8669e4,2024-08-11,2024-10-23,Pro,55,2695,32340,False,False,False,True,annual,False,U-841c39,2024-08-28,feature_20,8,1264,2,False,21.066666666666666,T-ad077a,2023-10-16,2023-10-17 00:00:00,24.0,urgent,12,3.0,False,2023-10,5,High Risk,2.6,Neutral,21.066666666666666,disengaged,10,Medium Errors,645,648,-3
1287,C-54ce4f,A-6dee43,2024-01-14,pricing,143.8,False,False,False,switched to competitor,S-8669e4,2024-08-11,2024-10-23,Pro,55,2695,32340,False,False,False,True,annual,False,U-841c39,2024-08-28,feature_20,8,1264,2,False,21.066666666666666,T-38dc90,2023-02-05,2023-02-08 00:00:00,72.0,high,9,5.0,False,2023-02,5,High Risk,2.6,Neutral,21.066666666666666,disengaged,10,Medium Errors,637,648,-11
1308,C-cc90be,A-d82ef9,2024-08-06,budget,74.94,False,False,False,switched to competitor,S-84e146,2024-07-21,2024-11-24,Basic,53,1007,12084,False,False,False,True,monthly,True,U-a12b4a,2023-08-07,feature_4,9,4212,0,False,70.2,T-584792,2023-10-15,2023-10-17 03:00:00,51.0,low,121,4.0,False,2023-10,5,High Risk,3.4,Satisfied,70.2,engaged,0,No Errors,645,655,-10
1324,C-67d3e1,A-86fc1d,2024-08-12,support,0.0,True,False,False,none,S-ac4799,2024-10-14,2024-10-20,Enterprise,26,0,0,True,True,False,True,monthly,True,U-8e1059,2023-05-04,feature_29,8,1912,2,False,31.866666666666667,T-a14a68,2023-08-15,2023-08-17 16:00:00,64.0,high,38,3.0,False,2023-08,5,High Risk,1.6,Unhappy,31.866666666666667,inconsistent,10,Medium Errors,643,655,-12
1327,C-67d3e1,A-86fc1d,2024-08-12,support,0.0,True,False,False,none,S-ac4799,2024-10-14,2024-10-20,Enterprise,26,0,0,True,True,False,True,monthly,True,U-8e1059,2023-05-04,feature_29,8,1912,2,False,31.866666666666667,T-4f391f,2024-04-15,2024-04-15 09:00:00,9.0,high,59,0.0,False,2024-04,5,High Risk,1.6,Unhappy,31.866666666666667,inconsistent,10,Medium Errors,651,655,-4
1328,C-67d3e1,A-86fc1d,2024-08-12,support,0.0,True,False,False,none,S-ac4799,2024-10-14,2024-10-20,Enterprise,26,0,0,True,True,False,True,monthly,True,U-8e1059,2023-05-04,feature_29,8,1912,2,False,31.866666666666667,T-9d7afa,2024-03-16,2024-03-16 19:00:00,19.0,urgent,30,0.0,False,2024-03,5,High Risk,1.6,Unhappy,31.866666666666667,inconsistent,10,Medium Errors,650,655,-5
1336,C-ad7ea3,A-8145a0,2023-07-12,features,0.0,False,False,False,missing features,S-2eb247,2024-02-01,2024-06-09,Enterprise,25,4975,59700,False,False,False,True,monthly,True,U-fcee7a,2023-07-30,feature_29,9,972,0,False,16.2,T-ba404b,2023-01-06,2023-01-06 11:00:00,11.0,low,30,5.0,False,2023-01,6,High Risk,2.0,Unhappy,16.2,disengaged,0,No Errors,636,642,-6
1339,C-ad7ea3,A-8145a0,2023-07-12,features,0.0,False,False,False,missing features,S-2eb247,2024-02-01,2024-06-09,Enterprise,25,4975,59700,False,False,False,True,monthly,True,U-fcee7a,2023-07-30,feature_29,9,972,0,False,16.2,T-baf332,2023-01-09,2023-01-09 18:00:00,18.0,medium,98,0.0,False,2023-01,6,High Risk,2.0,Unhappy,16.2,disengaged,0,No Errors,636,642,-6
1353,C-8d834b,A-798a3f,2024-07-19,support,0.0,False,False,False,none,S-0c5771,2024-02-24,2024-11-10,Enterprise,12,0,0,True,False,False,True,annual,True,U-0c1288,2023-09-18,feature_31,13,1521,0,True,25.35,T-ae6671,2023-07-16,2023-07-18 10:00:00,58.0,urgent,112,0.0,False,2023-07,5,High Risk,2.4,Neutral,25.35,inconsistent,0,No Errors,642,654,-12
1356,C-8d834b,A-798a3f,2024-07-19,support,0.0,False,False,False,none,S-0c5771,2024-02-24,2024-11-10,Enterprise,12,0,0,True,False,False,True,annual,True,U-0c1288,2023-09-18,feature_31,13,1521,0,True,25.35,T-885cc0,2024-05-11,2024-05-11 10:00:00,10.0,high,33,5.0,False,2024-05,5,High Risk,2.4,Neutral,25.35,inconsistent,0,No Errors,652,654,-2
1357,C-8d834b,A-798a3f,2024-07-19,support,0.0,False,False,False,none,S-0c5771,2024-02-24,2024-11-10,Enterprise,12,0,0,True,False,False,True,annual,True,U-0c1288,2023-09-18,feature_31,13,1521,0,True,25.35,T-b6fed7,2023-12-19,2023-12-20 21:00:00,45.0,high,9,0.0,False,2023-12,5,High Risk,2.4,Neutral,25.35,inconsistent,0,No Errors,647,654,-7
1379,C-458075,A-4437e4,2024-06-21,features,0.0,False,False,False,too expensive,S-17bedf,2023-11-20,2024-09-17,Basic,3,0,0,True,False,False,True,monthly,True,U-0ff5f4,2024-05-11,feature_12,10,1430,0,False,23.833333333333332,T-6a2899,2023-09-12,2023-09-14 03:00:00,51.0,medium,136,0.0,True,2023-09,6,High Risk,1.0,Extremely Unhappy,23.833333333333332,disengaged,0,No Errors,644,653,-9
1380,C-458075,A-4437e4,2024-06-21,features,0.0,False,False,False,too expensive,S-17bedf,2023-11-20,2024-09-17,Basic,3,0,0,True,False,False,True,monthly,True,U-0ff5f4,2024-05-11,feature_12,10,1430,0,False,23.833333333333332,T-765765,2023-08-13,2023-08-14 20:00:00,44.0,high,120,0.0,False,2023-08,6,High Risk,1.0,Extremely Unhappy,23.833333333333332,disengaged,0,No Errors,643,653,-10
1382,C-458075,A-4437e4,2024-06-21,features,0.0,False,False,False,too expensive,S-17bedf,2023-11-20,2024-09-17,Basic,3,0,0,True,False,False,True,monthly,True,U-0ff5f4,2024-05-11,feature_12,10,1430,0,False,23.833333333333332,T-f0ac4b,2024-01-17,2024-01-19 08:00:00,56.0,high,15,3.0,True,2024-01,6,High Risk,1.0,Extremely Unhappy,23.833333333333332,disengaged,0,No Errors,648,653,-5
1469,C-437da0,A-f6b2fb,2024-07-11,support,0.0,True,False,False,none,S-1b6221,2024-06-12,2024-12-23,Enterprise,23,0,0,True,False,False,True,monthly,False,U-8591ba,2024-02-05,feature_19,9,2052,2,False,34.2,T-f2b9a5,2024-01-19,2024-01-20 12:00:00,36.0,medium,138,5.0,True,2024-01,5,High Risk,2.4,Neutral,34.2,inconsistent,10,Medium Errors,648,654,-6
1470,C-437da0,A-f6b2fb,2024-07-11,support,0.0,True,False,False,none,S-1b6221,2024-06-12,2024-12-23,Enterprise,23,0,0,True,False,False,True,monthly,False,U-8591ba,2024-02-05,feature_19,9,2052,2,False,34.2,T-cd5725,2023-10-26,2023-10-29 00:00:00,72.0,high,155,0.0,False,2023-10,5,High Risk,2.4,Neutral,34.2,inconsistent,10,Medium Errors,645,654,-9
1473,C-437da0,A-f6b2fb,2024-07-11,support,0.0,True,False,False,none,S-1b6221,2024-06-12,2024-12-23,Enterprise,23,0,0,True,False,False,True,monthly,False,U-8591ba,2024-02-05,feature_19,9,2052,2,False,34.2,T-0811d4,2023-10-29,2023-10-31 10:00:00,58.0,medium,24,4.0,False,2023-10,5,High Risk,2.4,Neutral,34.2,inconsistent,10,Medium Errors,645,654,-9
1538,C-5e0b68,A-1f559b,2024-09-28,features,0.0,False,False,False,none,S-ddf5ff,2024-06-21,2024-09-29,Basic,58,1102,13224,False,False,False,True,monthly,False,U-7a5a28,2023-05-26,feature_20,9,1710,0,False,28.5,T-5f84c5,2024-01-22,2024-01-24 14:00:00,62.0,high,28,4.0,False,2024-01,5,High Risk,4.2,Very Satisfied,28.5,inconsistent,0,No Errors,648,656,-8
1539,C-5e0b68,A-1f559b,2024-09-28,features,0.0,False,False,False,none,S-ddf5ff,2024-06-21,2024-09-29,Basic,58,1102,13224,False,False,False,True,monthly,False,U-7a5a28,2023-05-26,feature_20,9,1710,0,False,28.5,T-5c2f82,2023-12-13,2023-12-15 20:00:00,68.0,urgent,143,4.0,False,2023-12,5,High Risk,4.2,Very Satisfied,28.5,inconsistent,0,No Errors,647,656,-9
